Open_Interest.t,Mon.t_1_Manager_Longs.t,Mon.t_1_Manager_Shorts.t,Mon.t_1_Manager_Spreads.t,Open_Interest.t_1,Producer_Longs.t_1,Producer_Shorts.t_1,Swap_Dealer_Longs.t_1,Swap_Dealer_Shorts.t_1,Swap_Dealer_Spreads.t_1,Mon.t_1_Manager_Longs.t_1,Mon.t_1_Manager_Shorts.t_1,Mon.t_1_Manager_Spreads.t_1,Other_Reportable_Longs.t_1,Other_Reportable_Shorts.t_1,Other Reportable Spreads.t_1,Total_Reportable_Longs.t_1,Total_Reportable_Shorts.t_1,Non_Reportable_Longs.t_1,Non_Reportable_Shorts.t_1,Oil.t_1,Sugar.t_1,Sugar.t
937584,135961,151909,83705,912728,253939,417461,158487,35287,46388,131418,137350,74269,70679,10757,111789,846968,833301,65760,79428,-1.707,-0.41,0.383
791519,129823,98980,74062,892506,233725,393218,177620,61890,48703,133366,99263,103675,28820,12737,79279,805188,798766,87318,93740,-1.887,0.02,0.493
1018956,170974,14779,85011,990462,259190,485035,149995,109417,89957,158972,14698,96813,19748,3113,131979,906653,931010,83810,59453,-1.203,1.113,0.9
1034854,129798,133265,38149,1030895,295682,571339,256395,42265,24217,130287,115589,37882,39247,16872,146582,930290,954745,100605,76149,-3.3,-0.06,0.05
950513,127689,9596,63757,936194,204960,363951,109473,113254,95058,127596,10253,64956,27054,3537,236197,865294,887207,70900,48988,4.58,0.693,2.007
929344,175970,12541,75020,877967,220112,458936,137888,67290,81055,152950,23307,66161,17956,3588,123948,800070,824285,77896,53682,4.31,1.55,0.613
910872,133845,180058,93728,950881,230584,344933,199021,14073,36545,140439,247484,125262,45107,21161,95695,872654,885154,78227,65727,-0.25,0.943,0.247
970800,124939,107546,43729,973398,324587,508926,180799,55297,35771,124433,104155,53073,31253,11998,129776,879692,898997,93706,74401,2.38,-0.54,0.007
951269,98977,46963,72392,954964,250302,435737,184014,46664,92422,99599,44884,68790,11940,15695,182001,889068,886192,65896,68772,0.573,0.363,0.923
888534,130350,105668,68727,882047,232323,394040,180986,63693,57913,127098,106711,71096,49464,8704,96969,815849,799126,66198,82921,-3.023,-0.017,-0.58
756391,62576,39546,35995,724881,234918,413642,136797,30047,16547,60853,32141,36250,33073,4259,129751,648190,662637,76691,62244,1.537,-0.23,-0.49
817174,112670,97578,66540,837868,281728,338534,132626,112228,32134,115559,97994,61203,36312,25032,105752,765315,772876,72553,64991,7.65,-0.303,0.667
1098899,151577,228256,130700,1044162,262659,427225,242547,38969,59457,151479,224661,119009,72889,20905,50692,958734,940919,85429,103243,-1.623,-0.32,-0.073
958093,127198,254776,99187,1028192,283762,392306,216467,23005,47192,126874,246371,105943,58812,26628,107330,946379,948775,81813,79417,2.76,-0.14,-0.387
1190475,154699,8962,100389,1340079,377211,544427,146850,167699,143999,158928,15138,110082,26558,10034,287862,1251490,1279241,88589,60838,-0.257,0.943,0.32
1094963,161580,245422,156250,1089026,254673,420145,201819,35331,50619,163145,229505,154344,83242,31044,96865,1004706,1017852,84320,71174,-5.403,-0.29,0.107
1079745,268948,7682,81487,1077483,200205,655008,145408,90427,30637,276735,8889,82893,85080,14213,154808,975767,1036876,101716,40607,-0.577,-0.173,-0.08
979846,185694,109217,139720,1023380,219632,513340,202373,40595,46009,180301,104415,147826,73764,16313,69407,939312,937906,84068,85474,2.307,0.137,0.757
881548,159978,41639,66823,894283,190949,475072,171427,76142,65363,172954,37801,71307,28140,6562,93516,793656,825764,100627,68519,-3.29,0.007,-0.277
1289492,247552,41551,145727,1305774,387961,518699,99679,209441,83897,241842,46715,157205,35449,33728,203670,1209704,1253354,96070,52420,-2.21,0.52,1.183
729754,96306,52514,51911,724562,185590,280109,132237,75968,60075,95089,49325,50401,20013,10778,117509,660913,644164,63649,80398,4.173,0.077,0.82
1089026,163145,229505,154344,1073896,246831,426230,203081,34036,45392,163953,218689,153186,81336,31748,96894,990675,1006176,83222,67721,0.907,0.02,-0.29
1114957,269621,11426,80243,1107386,268852,726124,143243,70156,35241,274205,11713,69627,76013,8904,144435,1011617,1066201,95769,41185,-1.27,0.63,-0.923
835440,127586,9795,85402,815988,158122,355582,152288,103777,72540,119431,8293,80492,16945,4636,131869,731687,757190,84301,58798,-4.463,0.667,0.507
1069826,270304,65693,132532,1073444,270253,501747,117504,159076,36351,272076,60437,121411,40260,23382,117860,975714,1020264,97729,53180,0.777,0.35,-0.037
845922,182193,25307,47294,797192,125033,398522,152334,78770,56011,184418,30768,40015,27696,9921,122850,708356,736857,88836,60335,0.47,2.397,-1.427
804245,149385,19386,65470,802736,170822,449044,180050,76036,45053,148698,20605,71116,34639,6862,74844,725221,743560,77516,59176,-0.413,-0.783,-1.03
1060212,191386,54165,93545,996734,206070,589468,211314,49813,34245,181869,57117,88961,72817,6474,119306,914582,945384,82152,51350,-2.203,0.243,0.943
875567,152751,45519,69039,881548,190251,459705,175595,75295,69822,159978,41639,66823,27396,6386,91842,781706,811510,99842,70039,-2.983,-0.277,-0.687
1096076,190963,51604,133138,1081007,308514,452978,104384,149262,63565,191283,51179,126719,46323,27394,162271,1003060,1033368,77948,47639,4.827,0.243,0.33
1091083,191666,4224,92397,1032516,226403,452431,144727,141107,100682,177470,7408,87484,23128,4315,177483,937377,970911,95138,61604,3.123,0.573,0.89
849367,143220,74841,65970,875567,187970,458180,178854,73784,57865,152751,45519,69039,40858,5504,92692,780030,802583,95538,72985,3.077,-0.687,-0.96
977769,206342,64432,105625,960564,199186,547925,204537,39387,40556,204112,69096,107470,54602,14272,74735,885197,893440,75367,67124,1.12,-0.093,-0.5
1128553,269542,68638,144966,1133679,264132,499798,117078,165496,37169,283797,63762,147246,38922,23621,144394,1032739,1081486,100940,52192,-6.207,-0.28,0.107
1074232,101091,141530,101272,1073253,338060,496107,182847,45608,55054,101979,132939,113828,48241,17216,138188,978197,998940,95056,74313,0.653,-0.25,0.077
862411,174776,31199,69468,818229,192028,415881,167856,71084,55741,135002,36125,72683,24511,10901,81394,729214,743809,89014,74419,0.72,0.807,-1.783
902761,119741,89201,71215,913375,314917,333548,125961,142916,36731,113005,95593,80673,38493,25065,136665,846444,851192,66931,62183,0.343,0.26,-0.213
1149070,194449,51354,133922,1140328,338155,486848,112774,157868,68265,200006,51177,135431,45530,31542,160805,1060966,1091935,79362,48393,-1.863,0.303,-0.25
1187244,276093,50035,124226,1290899,369370,534964,99356,229172,53112,272196,51943,151164,43548,25187,189429,1178174,1234971,112725,55928,-0.597,0.237,2.027
992597,142532,225872,99165,975310,244556,404647,237448,41299,43376,132589,211659,103886,70122,18425,51077,883053,874370,92257,100940,-2.983,0.067,0.177
826898,139770,35313,75256,833921,187898,341492,138131,120159,88648,140671,32623,65831,19693,6719,124262,765134,779734,68787,54187,0.517,-0.323,-0.583
1107386,274205,11713,69627,1136061,290953,756411,148196,70742,33819,271515,9869,69086,77470,8840,144188,1035228,1092956,100833,43105,-1.18,0.557,0.63
942668,126306,11934,67711,925918,200029,379815,117498,104460,85190,129713,10454,65174,26921,4819,220131,844656,870043,81261,55875,-1.063,1.3,0.043
1112048,196333,44848,103070,1134277,274890,675902,166796,48995,48214,198010,34739,113090,72602,4806,155972,1029576,1081718,104701,52559,-2.377,-1.16,-0.47
1044162,151479,224661,119009,1005896,247235,398716,242268,39709,57290,148533,226467,102919,69760,21482,49354,917359,895937,88537,109959,-1.093,-0.16,-0.32
1172637,161191,43930,84315,1127746,401773,604327,179565,139883,43744,142787,53804,98998,55141,5035,128077,1050085,1073868,77662,53878,0.66,0.713,-0.027
852919,134617,8388,66356,813737,173894,371213,150875,122231,50281,128820,9368,49577,38690,6226,147142,739280,756037,74458,57700,3.663,0.77,-1.29
1185138,160240,294022,178789,1174150,304389,406679,197864,27854,77270,165088,284885,172658,67752,23043,105226,1090246,1097615,83904,76535,-2.03,-0.513,-0.21
865388,180763,15751,56275,873515,133871,421226,149271,82785,65418,184260,17462,54975,33928,6194,154957,776680,803017,96834,70497,-5.81,-2.373,-0.953
1083840,165438,224095,126566,1046220,248434,414605,216145,22564,65406,159717,216097,114917,69496,25262,86577,960692,945429,85528,100791,1.963,-0.173,1.067
965727,111210,33926,77354,980181,241162,460209,182112,51048,95849,105912,35548,80902,14603,11060,184099,904639,918715,75543,61466,-8.71,-0.76,0.837
952796,176462,114094,72572,943526,234114,517571,237783,47086,39762,170403,142020,64771,63571,9291,43143,853547,863642,89979,79884,-2.193,0.55,0.507
638156,83078,17358,38523,609997,147385,368421,130494,27110,9815,74362,10327,31527,28030,1919,111332,532945,560452,77052,49545,0.343,-0.033,-0.87
975759,212694,60154,96190,931279,182465,552591,237881,54861,34868,189856,79088,87460,59769,10304,49242,841540,868414,89739,62865,1.633,0.297,0.06
960564,204112,69096,107470,931647,187888,529641,208775,36680,40648,194135,73060,101594,53447,12373,69426,855913,863421,75735,68226,2.353,0.57,-0.093
1223131,255584,22022,121732,1227921,325369,597921,146636,215539,56661,259188,19513,126822,54765,11032,156528,1125970,1184016,101951,43905,2.34,0.05,-0.57
1324060,204762,127686,179058,1182058,364537,544118,172158,76591,40657,171611,158541,159503,35295,8815,137071,1080832,1125296,101226,56762,-4.247,0.637,0.18
1054695,115967,156494,107311,1098593,357131,511491,182801,36774,64741,109331,150159,112799,43882,15484,134883,1005569,1026332,93025,72262,-0.51,-0.12,0.557
827457,94292,114622,39739,814762,240146,416447,194717,48918,17030,91741,98681,36736,27779,5894,115517,723666,739222,91096,75540,1.623,-0.317,-0.057
1290899,272196,51943,151164,1255950,347243,516820,99714,219539,54242,271563,55914,167502,39397,22357,164352,1144014,1200727,111936,55224,0.767,1.687,0.237
824186,75818,90525,39418,908368,323488,464847,182504,31871,24451,71175,98100,46476,26915,9486,143197,818206,818428,90162,89940,0.367,0.04,0.25
1167222,189268,57417,64877,1154898,232799,655536,307384,51240,83275,181414,57145,69759,28111,20563,154030,1056772,1091547,98126,63351,4.1,1.947,0.033
1164731,185512,48766,136957,1149070,347842,491995,112567,161857,68712,194449,51354,133922,43882,29875,159658,1061034,1097373,88036,51697,-0.733,-0.25,1.93
1134983,176772,40333,77550,1152172,204231,607247,289736,55694,89127,174329,40534,77856,16273,18928,196095,1047647,1085481,104526,66691,-6.05,-0.32,0.14
850497,127372,114580,73897,838114,232779,417251,199500,50182,40127,124039,103313,71815,33417,11867,64829,766505,759384,71609,78730,-3.303,-0.227,0.457
1007755,155948,196859,83111,1053088,396750,510935,169318,29290,45529,154608,212127,82905,33456,10511,92566,975132,983863,77956,69225,3.773,-0.267,0.203
1083984,153492,96210,41414,1054511,314958,588046,261503,42391,25266,131206,118265,35601,38318,16551,150630,957480,976748,97031,77762,1.797,0.457,0.363
1139810,256757,24230,128726,1075686,279807,520788,141116,184794,52072,229442,28573,127047,46532,9502,111846,987861,1034620,87825,41066,3.99,0.867,-0.23
1140438,186952,30385,122114,1130433,282440,690381,190098,48807,48591,191408,25598,119184,66938,13819,138610,1037269,1084990,93164,45443,-1.68,-0.203,-0.473
1071945,169494,5762,115961,1075406,290043,568909,131517,94605,69791,171073,5942,112021,49465,12965,164274,988183,1028507,87223,46899,-0.443,-0.15,0.19
1102150,186974,37433,61639,1219343,390625,660569,171545,156322,58826,203930,37458,94863,59379,8373,149532,1128701,1165943,90642,53400,1.367,0.017,0.73
604290,62996,39302,32888,607584,146364,296031,138317,25485,15629,61145,45343,34115,32058,5408,117230,544857,539240,62727,68344,0.137,0.68,0.84
1096516,146441,234581,116132,1098899,280472,439754,240587,42517,68566,151577,228256,130700,77593,22190,56711,1006207,988695,92692,110204,2.043,-0.073,0.373
1219343,203930,37458,94863,1246909,384016,669544,165389,172666,54893,223920,33839,101168,60259,8012,157741,1147385,1197863,99524,49046,-5.863,-0.54,0.017
753555,127838,32126,41766,769869,191177,385655,159728,87409,49739,127543,30721,45078,32550,8983,94253,700068,701838,69800,68031,4.247,0.56,-1.327
803425,130056,74519,65491,787407,192466,429734,188617,56836,37645,135961,60482,65621,32900,6327,58673,711882,715319,75524,72088,-0.25,-1.287,-0.53
1070771,146063,273248,123054,1169954,333867,385890,202044,25357,62687,151080,308561,163386,49765,23913,122980,1085810,1092774,84143,77180,-0.513,0.57,-0.563
994029,111570,119184,114387,987553,281085,466691,198469,41066,36462,120496,120700,114892,37070,25356,125059,913533,930226,74020,57327,1.733,0.39,0.067
1492736,211840,56602,112260,1481883,360500,841747,312269,64736,60324,204191,56027,106165,39541,29598,241242,1324231,1399839,157652,82044,-3,-0.283,0.507
1016384,215155,32675,80336,961567,276782,458449,135599,161501,47353,188300,38068,72293,36131,19790,111041,867498,908494,94069,53073,-1.25,0.493,0.66
1261387,253909,49237,140939,1284085,347360,521481,101382,214591,77417,270523,45876,142026,41556,27740,208061,1188325,1237191,95760,46894,-3.267,-0.423,-0.683
971044,152272,196399,92331,982207,252361,425768,228263,54038,55163,150072,204526,94672,70582,16332,42787,893901,893287,88306,88920,4.067,-0.397,-0.24
894283,172954,37801,71307,886607,184917,463836,172649,78580,65304,161775,31108,78583,29861,6692,94853,787942,818957,98665,67650,1.747,-1.073,0.007
1037468,205108,12310,91062,996027,200682,497383,144429,86773,91143,190990,12613,86957,21963,2685,163399,899562,940953,96465,55074,2.897,0.303,-0.263
918156,94437,212185,74407,931594,277514,347024,154242,29414,46867,111251,224484,86841,76681,13365,107233,860629,855228,70965,76367,-2.06,-0.43,0.657
1296642,169028,67079,82376,1276041,319741,704055,316399,54960,92852,171156,68484,80883,26705,24978,185035,1192770,1211246,83271,64795,7.133,0.007,1.183
1151440,267277,63159,150348,1107831,271774,467223,116195,170106,44627,257085,65053,146874,34999,25107,132264,1003817,1051253,104013,56577,3.687,0.523,1.217
944793,187531,67481,98941,920337,201758,536424,206207,41414,35951,185451,67813,96132,52666,9458,66228,844392,853419,75945,66919,-1.287,0.26,-0.02
1332630,181824,35118,89979,1330378,305426,760030,317424,66657,81440,174495,26960,102451,31086,20774,217683,1230005,1275994,100373,54384,7.34,0.453,0.89
1279609,295123,25301,132515,1254203,336594,616021,139704,217262,49404,293105,22887,126496,44417,12745,164247,1153967,1209063,100235,45140,0.91,-0.297,0.293
1292016,178233,4437,119519,1298093,323042,528799,152054,173569,141476,174506,5921,119097,24602,13062,264725,1199502,1246649,98591,51444,-1.17,-0.27,1.377
841613,130439,103523,34221,831077,223409,406839,185874,51124,35255,127904,106790,36368,31670,16734,113231,753709,766340,77368,64737,1.32,0.167,0.2
844819,124635,33414,73334,819562,186502,356361,148148,82599,70614,122503,28983,67653,20385,9458,121288,737093,736957,82469,82605,-0.433,-1.153,0.547
1119741,115320,86121,77680,1194992,471064,627991,171620,105046,51214,109786,97762,88346,62516,5658,152634,1107180,1128651,87812,66340,-0.527,0.103,-0.33
1217394,229087,37709,121671,1205721,349286,619345,162880,182764,61975,226796,32728,112826,39600,10087,139088,1092451,1158814,113270,46906,0.883,0.433,-0.733
855873,99014,117714,49080,866006,289402,457451,183053,35779,31993,100232,98051,45063,32852,32439,109148,791743,809924,74264,56082,-2.537,-0.167,0.14
771798,104828,54425,61456,752852,185798,299993,134418,79977,60729,110614,52068,55780,20405,8658,117098,684842,674303,68010,78549,-0.7,-1.017,0.423
1073896,163953,218689,153186,1074733,247752,474332,206210,35973,47269,175630,190439,156463,71309,26806,83455,988089,1014738,86644,59995,2.2,-0.653,0.02
1013171,245815,45368,102516,1020120,194490,635879,229312,67791,42886,238414,41655,105850,48359,13265,61790,921101,969117,99019,51003,0.07,-0.89,-0.22
960881,155155,86472,89964,995968,226388,484167,203005,54100,38348,169184,87536,104065,36901,35635,136709,914600,940559,81368,55408,-3.967,-0.347,-0.32
920619,171554,207734,84154,919609,209410,386243,209982,33653,38926,173577,210181,84880,63129,13360,75474,855377,842716,64232,76893,-6.83,-0.137,-0.36
999420,151766,147782,88172,994043,262363,466157,202693,39178,48604,160478,182158,85402,76999,26023,80320,916859,927841,77184,66202,0.367,-0.5,-0.75
1160354,167092,41405,77392,1176901,207179,626705,287836,69047,87458,194420,34750,76360,15793,19568,195852,1064898,1109742,112003,67160,-6.377,-1.083,-0.673
817823,109982,217230,71843,795152,204740,292793,174689,18324,38077,109953,212625,64780,56298,20202,78422,726960,725223,68192,69929,0.553,0.2,0.457
1076071,221311,39497,110686,1059937,279234,485604,135042,171260,46975,212508,41889,106268,42280,13823,141474,963781,1007291,96156,52645,0.177,0.3,0.1
1224430,250469,13346,111357,1181139,272960,721177,158014,58016,45348,248659,25973,99027,78953,9039,174073,1077034,1132654,104105,48484,1.37,1.423,0.323
932159,148267,29929,71297,931330,255928,488937,141410,66672,78845,151669,13467,76348,13529,3085,134894,852623,862249,78707,69081,-4.243,-0.267,-0.41
1197601,106614,120535,95940,1182708,471938,606367,168771,93590,54857,104171,123744,84270,74014,6186,146801,1104822,1115815,77887,66894,2.287,0.19,0.827
795811,137920,37409,77208,796998,197188,397822,184315,66269,39251,132275,75181,78678,38976,6755,64987,735670,728942,61328,68056,-3.727,0.773,0.163
1051676,139498,137638,111069,1039532,256199,443969,210449,38543,51566,140883,173833,110525,84199,36345,114207,968028,968988,71504,70544,0.55,0.303,0.23
952600,141344,74307,90718,930972,253778,488300,148924,52948,33551,146591,56088,83853,55221,15515,132114,854032,862369,76939,68603,-0.167,-0.777,0.28
819907,102381,119833,35026,839038,266550,415256,193993,52632,14930,97938,122235,39536,30362,12472,106718,750028,763778,89010,75260,-0.067,-0.133,-0.433
1210526,207229,42028,122220,1211200,362289,610305,165340,177658,67357,221702,44760,122779,37857,8575,132556,1109880,1163990,101320,47210,2.76,-0.373,0.17
756592,133266,45826,42836,759049,162353,344645,150951,91399,56501,139998,39822,40395,33068,6423,109595,692862,688782,66187,70267,-7.013,-0.347,0.143
994043,160478,182158,85402,989599,265917,435434,207969,31702,44576,153174,203064,84343,74841,28780,82695,913516,910595,76083,79004,0.13,0.857,-0.5
964793,185354,49212,86460,1001730,269812,466420,132558,173755,33684,206934,38797,99762,41503,11328,123070,907322,946816,94408,54914,-0.793,-0.363,-0.053
761757,64337,50688,29884,756391,249094,427097,140607,30869,17814,62576,39546,35995,30484,4402,137708,674277,693431,82114,62960,-1.8,-0.49,0.537
1418058,262611,96214,185414,1551567,503463,769299,154949,133627,75344,244311,95524,198726,50505,12257,211883,1439181,1496661,112387,54907,2.12,-0.167,-0.117
1067857,166920,9037,111002,1062122,281311,544335,137687,82666,63824,166706,21169,112215,50288,16157,168107,980139,1008472,81984,53650,-1.563,0.173,0.25
893334,128709,6594,57009,1056996,233980,422844,129384,133820,111483,129131,360,71619,39144,4743,256845,971585,1001714,85411,55282,-2.517,-0.917,0.183
1185974,283022,11255,98836,1182157,257983,691548,139119,94420,47047,296334,10846,86853,75674,21046,182849,1085859,1134609,96298,47548,-1.523,-0.18,0.15
1102603,178371,258310,156636,1094963,265383,413831,199815,30657,57580,161580,245422,156250,81657,28606,91755,1014022,1024102,80941,70861,0.467,0.107,-0.503
835059,133373,54378,63933,817174,262269,319010,126954,115631,29765,112670,97578,66540,37530,23315,108121,743850,759961,73324,57213,2.563,0.667,-0.02
1008911,220490,54638,64156,920099,296791,407797,128489,131123,34095,151642,74543,64971,29791,24910,133293,839070,870731,81029,49368,-1.723,1.087,-0.49
1191350,279379,55177,135508,1203234,320556,530986,100658,191255,46172,288357,48345,140882,42110,25868,156334,1095070,1139844,108164,63390,-1.777,-0.72,0.463
963188,149918,187013,83100,971477,274930,486316,202486,47682,35631,150328,156548,89445,79236,22553,59172,891228,897347,80249,74130,-3.63,-0.91,-0.407
1049970,219654,41421,108983,1099101,287440,532117,133573,189420,38293,258986,30001,115748,36386,13781,128507,998933,1047868,100168,51233,-12.063,-1.447,0.737
1089846,155130,201754,116482,1062565,272086,474844,237469,46667,63154,154076,190279,121562,75246,14620,58501,982094,969627,80471,92937,-0.467,0.057,0.633
1181139,248659,25973,99027,1124471,248095,689123,160720,53149,43532,245053,32860,89471,78623,8470,156533,1022028,1073139,102443,51332,0.49,0.687,1.423
1099101,258986,30001,115748,1074429,277531,504548,134315,186633,36805,237393,34518,114933,39150,13188,133243,973369,1023869,101059,50560,-1.777,0.077,-1.447
1205946,203825,41875,110603,1210526,376529,594984,166683,189727,68746,207229,42028,122220,37750,8487,133624,1112780,1159814,97746,50712,-1.147,0.17,0.423
1273244,234312,37188,111916,1355888,443009,712529,168341,194290,75138,230863,36611,108378,41133,9550,168449,1235310,1304945,120577,50943,1.777,0.213,1.24
993202,133442,6094,74686,948145,201662,449015,137176,94266,73917,140517,2455,69556,30458,3209,204216,857503,896634,90642,51510,2.79,2.363,-6.587
877084,123906,8091,83946,871381,181880,383114,150706,107724,76089,121119,10013,87966,24088,4571,141171,783019,810650,88361,60731,1.117,-0.113,1.643
844244,136850,32542,79621,857237,176549,454256,171599,73737,60689,165077,34679,75886,27993,9381,87827,765621,796455,91616,60782,2.023,0.007,1.31
1113805,125676,284024,116693,1091593,313445,394472,221265,20961,58086,124003,281094,122675,62493,22825,107350,1009317,1007463,82276,84130,-1.703,-0.073,-0.413
1105398,266069,12648,85360,1114957,252553,698790,144605,85450,36989,269621,11426,80243,75571,10090,155740,1015322,1078728,99635,36229,0.27,-0.923,-0.303
1075406,171073,5942,112021,1064551,280378,564610,132832,93275,64100,167298,5668,111414,52681,14267,160829,969532,1014162,95019,50389,0.577,0.027,-0.15
919609,173577,210181,84880,940195,223941,389107,214201,28065,36767,177513,229302,90192,67431,17648,69443,879488,860525,60707,79671,-2.307,1.01,-0.137
1059558,143565,209118,120504,1056898,271026,426511,208909,39936,46681,142365,203307,115665,86314,35314,110390,981351,977806,75547,79092,-0.65,0.093,-0.203
989986,140087,4960,71875,1008982,310734,435583,122060,182814,106317,155161,5803,71620,22236,9550,156398,944526,968085,64456,40897,0.763,-2.21,-1.773
822537,134420,35022,37966,789907,180908,349732,143858,95096,62315,130110,37129,45863,34192,9183,120365,717612,719684,72295,70223,-3.563,0.697,0.657
818345,140963,6328,61097,840401,140855,356019,137065,102965,69736,141334,10138,59591,29410,4866,168359,746352,771675,94050,68726,3.95,0.697,-1.317
966314,124945,114215,104905,976247,258587,482433,200091,45864,43148,137505,102163,90610,37711,24676,135536,903187,924429,73060,51818,-2.29,-0.163,-0.127
1258695,261847,46908,144374,1266634,344250,512465,100275,217256,72426,259725,47856,144311,41442,21768,205037,1167467,1221119,99168,45515,-2.787,-0.13,-0.26
839038,97938,122235,39536,827457,253805,413748,194324,51200,22845,94292,114622,39739,28523,4111,109447,742975,755712,84482,71745,-1.6,-0.057,-0.133
999871,143779,23594,82206,1002594,229875,389317,133641,132944,120282,154661,18848,80887,22071,7112,197298,938715,946687,63879,55907,4.62,-1.423,1.033
973190,100446,191846,79963,995266,307680,378973,157107,30216,65596,99482,215668,81518,69353,16161,137869,918603,926000,76663,69267,-0.393,-0.093,-0.19
1167140,140021,306744,158197,1142594,372651,415953,173156,23405,55239,139134,275656,156867,40620,12195,119753,1057419,1059067,85175,83527,1.17,-0.11,-0.057
1266144,176536,57461,75761,1247111,276221,708953,323849,58237,87963,182565,52187,77940,28801,21922,169622,1146962,1176825,100149,70285,-0.2,-0.447,-0.23
1057619,193889,17038,101767,1080293,257916,630846,141785,76719,48339,228077,10311,90191,65262,16966,161406,992976,1034779,87317,45514,2.493,-1.27,-0.163
1071353,248028,46895,94027,1047883,285013,494624,124016,154049,38076,245954,47076,84423,29585,31182,146588,953656,996017,94227,51865,1.023,0.31,0.607
1117624,167564,57147,75723,1123635,207395,595451,292690,47118,89453,171812,52603,77742,17188,19036,172046,1028326,1053449,95310,70186,-5.733,0.637,1.013
844913,119051,64118,87054,826095,192398,431325,190248,58268,50091,125613,44650,83290,30605,9262,73722,745967,750609,80127,75486,3.15,-0.357,0.26
636649,63309,39657,35546,645026,183113,359972,139287,23869,14527,67291,37361,40670,33461,3848,96432,574780,576677,70246,68348,-0.487,-2.03,0.227
1317033,169214,5306,112520,1299681,322265,529998,134408,158815,144033,173156,4312,118420,26137,7048,277534,1195954,1240160,103726,59521,1.92,0.063,2.187
967272,158782,95267,95923,909961,219653,404225,199635,46582,37088,136453,125441,96664,34464,25715,111431,835390,847147,74571,62814,-5.19,0.547,-0.487
1316288,176224,108335,146660,1311716,393796,704527,184015,89248,39658,248340,106312,155194,49769,10174,148822,1219595,1253936,92121,57781,-12.577,-1.197,-1.673
1355888,230863,36611,108378,1318432,412701,692954,167336,193336,69261,232854,35671,108279,51389,8699,158033,1199853,1266234,118579,52198,3.613,0.327,0.213
900697,117155,100040,75100,886337,309414,327516,127082,147129,30103,116395,102949,78743,30889,18121,121902,814527,826462,71809,59874,6.99,-0.387,0.17
1182058,171611,158541,159503,1167028,349402,543213,169100,66522,43382,180061,157789,154543,37104,9373,134657,1068248,1109479,98780,57549,1.727,0.133,0.637
961567,188300,38068,72293,958304,282653,464494,137440,157185,49343,179057,39135,75692,37161,13716,105046,866392,904612,91912,53692,-7.213,-0.067,0.493
795928,93911,62693,33232,796661,264679,483357,190055,45942,14735,98019,57444,35486,21211,3171,100097,724283,740233,72378,56428,-2.043,-0.3,-0.143
846361,120601,25100,72793,841474,218630,418657,123886,52724,79290,131731,26034,73397,13192,4041,126975,767101,781117,74373,60357,3.39,-0.063,0.54
1211200,221702,44760,122779,1217394,353557,619869,162814,184609,62893,229087,37709,121671,42570,11567,134450,1107041,1172768,110352,44626,-7.053,-0.733,-0.373
991720,216816,34966,87259,936084,241113,430419,134766,164060,36763,209797,50962,75822,34450,8097,113968,846679,880092,89404,55992,11.237,1.393,-0.173
1409581,220278,70743,63226,1253424,339002,747698,248008,53243,47248,208838,76431,49142,40362,24391,191640,1124239,1189793,129184,63631,0.343,0.573,0.207
1206010,249690,22513,126970,1221164,323837,607243,156446,210540,55859,262276,23345,122868,53194,11681,147699,1122180,1179236,98985,41929,0.287,-0.173,0.593
1053088,154608,212127,82905,1146015,421969,483451,168040,28448,53280,150028,267524,112206,35751,12026,121231,1062504,1078166,83511,67849,0.577,0.047,-0.267
1247111,182565,52187,77940,1238919,261846,710617,330228,60067,84302,187806,51501,78096,29175,20623,165284,1136736,1170490,102183,68429,3.533,-0.45,-0.447
1122782,198003,49195,106234,1124494,256641,681418,210782,55484,37774,207607,40566,97414,70685,13256,150147,1031049,1076058,93445,48436,-3.437,-0.677,0.033
1313970,191136,3527,117746,1292016,325040,502421,135993,187652,139087,178233,4437,119519,25315,13650,269842,1193029,1236607,98987,55409,-1.837,1.377,0.25
1212493,286651,21830,128509,1161551,296648,570730,143712,198676,51159,272440,24867,130084,42573,10676,132592,1069207,1118783,92344,42768,-1.997,1.397,0.6
938447,99969,37997,66801,960745,241169,425729,186075,46876,96331,101162,51063,67509,11249,14601,181253,884748,883363,75997,77383,1.96,0.563,-0.683
1156801,180041,26307,130671,1127182,311392,673532,184984,40353,44760,163472,36102,121799,64790,11590,148153,1039350,1076290,87832,50892,-1.967,0.637,-0.563
970664,145226,88809,92219,952600,269546,491172,151520,43934,36701,141344,74307,90718,58130,13482,131913,879873,882227,72727,70373,0.713,0.28,-1.263
1160086,149600,245115,142060,1130610,369668,465082,197260,36885,45087,137807,263512,129303,45044,6806,121896,1046064,1068571,84546,62039,-2.28,0.07,0.587
996259,170877,45641,71473,1082710,306071,665478,163978,36334,38656,170168,47545,94412,73925,6015,142269,989479,1030709,93230,52001,-1.05,1.08,0.63
963398,144638,162940,71374,911594,245446,431602,219400,57116,48560,141688,129526,70464,37849,10467,69430,832838,817165,78757,94429,2.967,-0.603,0.227
1081986,181825,9998,118944,1060293,273791,590135,139133,64348,55940,182505,13870,108484,55417,14682,162365,977635,1009824,82658,50470,5.817,-0.113,-0.69
1039532,161087,22645,116112,1038618,276773,541927,141024,64639,66084,164919,18210,114226,48374,16928,155714,967114,977728,71504,60890,1.493,0.24,1.78
1298093,174506,5921,119097,1269415,307347,527279,156663,164304,134582,174643,7286,115861,24759,13200,254682,1168537,1217193,100878,52222,2.8,0.993,-0.27
1255950,271563,55914,167502,1151440,285636,489229,114058,176949,44905,267277,63159,150348,35559,25176,144994,1042777,1094760,108663,56680,7.343,1.217,1.687
827722,125946,148933,65821,824704,217324,338894,173142,23063,37900,113222,185395,75192,59291,17389,80684,756756,758519,67949,66186,-1.533,0.327,-0.19
903800,133386,30936,93272,899153,191122,338000,126329,112052,101900,137745,30562,90701,20674,5264,153729,822198,832208,76955,66945,3.83,-0.647,0.3
920337,185451,67813,96132,976863,207161,537694,201671,46206,50657,183220,59134,113993,51247,8880,88694,896644,905259,80219,71605,1.177,-0.37,0.26
877867,105307,115622,48055,856336,273041,421694,187159,52843,31670,102264,115849,47031,29871,15168,110403,781440,794658,74896,61678,3.093,0.023,-0.123
692964,124873,6513,42151,818345,129523,343497,132637,101659,68343,140963,6328,61097,29203,5045,166695,728462,752663,89884,65682,-3.3,-1.317,-1.853
950132,156450,82961,100775,952250,205066,542336,228388,44068,49519,176872,64245,94553,53812,17860,68996,877206,881578,75044,70672,2.243,-0.427,-0.173
933085,106935,33190,63694,935967,218051,442239,201712,40401,88399,105025,41789,63398,11365,10255,178731,866681,865212,69287,70756,-2.913,0.02,0.113
872886,102518,128602,45386,877867,277912,429586,187501,53410,34555,105307,115622,48055,29234,15084,116667,799232,812980,78635,64886,2.767,-0.123,-0.017
1176429,262378,48886,112589,1287476,390291,568177,101512,199017,79828,251714,49054,127604,50819,32136,182303,1184071,1238120,103405,49356,2.163,0.64,-1.383
940510,93341,178964,80491,928162,282209,376649,152274,35457,46308,97969,179161,77449,71184,13197,124935,852328,853158,75834,75004,0.053,-0.957,-0.64
1209619,153638,306994,181215,1213793,326371,393882,198938,21127,73845,156730,307071,188758,60253,26979,125259,1130152,1136920,83641,76874,2,0.07,0.317
1077339,174150,14330,112503,1081986,283680,601313,136827,61294,58553,181825,9998,118944,54411,13480,165721,999961,1029303,82025,52684,1.973,-0.69,-0.24
609094,74644,10345,29767,609248,158553,370557,128929,25690,11862,70234,10474,32258,31921,2302,103486,537242,556628,72006,52620,3.277,0.577,0.717
993232,163598,197062,123400,977770,296947,435421,170561,28971,36517,163440,199162,109201,33157,8430,93685,903507,911387,74262,66382,1.603,0.043,-0.313
1042339,231643,53922,115688,1054988,302547,475903,109964,170304,41452,227396,52600,113725,37754,23369,129519,962356,1006872,92632,48116,5.063,0.457,-0.163
1161585,84818,136241,93135,1128325,457538,550690,171095,81380,55615,83293,138697,82903,59173,7245,144997,1054614,1061528,73712,66797,0.133,-0.55,0.5
762507,116115,11850,82512,750225,153082,320392,139848,98435,71204,108549,10864,73489,21168,4756,114504,681843,693644,68382,56581,0.073,-0.087,0.71
1462484,236211,100980,190804,1419532,446499,708063,160271,116381,60970,249759,104265,188546,43186,10962,174516,1323747,1363704,95785,55828,-3.687,0.087,0.6
643641,65717,44078,36091,708389,197321,376257,144773,26587,14683,65062,39642,54641,39966,6033,115591,632038,633435,76352,74955,-4.827,0.207,0.57
977770,163440,199162,109201,1007755,360634,499982,169924,23560,43689,155948,196859,83111,34005,10409,87002,934313,944613,73442,63142,-1.55,0.203,0.043
955755,136519,145237,84498,942324,265929,412186,152568,35638,42367,136865,161258,83016,71925,12628,116867,869537,863959,72787,78365,2.72,-0.017,-0.84
1049879,141396,178544,100708,1040869,299198,483455,206649,44489,49295,143123,177497,100449,80616,23170,94129,973460,972483,67410,68387,-2.917,0.003,0.413
1183020,145596,301446,177007,1189745,378282,436932,179337,17399,47551,144905,298190,176085,45410,10081,129472,1101042,1115710,88703,74035,-0.933,-0.267,-0.18
909585,135759,122103,68182,916742,266928,455520,148864,39562,42724,150290,118915,61172,72210,16101,107730,849919,841724,66824,75019,-2.943,-0.513,-0.04
859421,134355,37337,78474,826898,163943,332778,136623,101173,85905,139770,35313,75256,21875,6039,128456,751828,764921,75071,61977,-5.663,-0.583,0.783
693224,63038,33269,53793,671225,183569,359569,139236,26151,14554,61497,29970,52684,37253,4987,112747,601540,600660,69685,70564,-2.487,-0.107,-0.377
838076,153940,30168,35726,822537,202694,384258,141969,96531,63006,134420,35022,37966,32956,7480,126258,739268,750521,83269,72016,0.177,0.657,2.017
1383663,282990,93814,180052,1418058,440368,754574,167851,116508,47730,262611,96214,185414,51034,15234,149847,1304854,1365520,113203,52537,-2.277,-0.117,-1.037
1136061,271515,9869,69086,1289638,316277,761893,148695,78177,52314,259389,9790,114706,77685,12731,207429,1176496,1237040,113142,52598,0.68,-0.067,0.557
1016420,190394,36808,103033,1049772,307060,503287,126864,180014,46332,211853,28181,103353,37799,9258,127700,960962,998125,88810,51647,0.29,-0.867,0.273
752852,110614,52068,55780,729754,187743,282576,132629,75907,60311,96306,52514,51911,18786,10656,117331,665018,651207,64737,78547,1.673,0.82,-1.017
1016713,140340,238155,98080,1015703,265116,438707,218952,24414,40063,143717,235281,95738,98400,27088,68827,930813,930118,84890,85585,0.9,0.05,0.73
1059151,128016,275197,116192,1027976,281114,379544,227734,22022,42356,123519,265178,104874,56806,25899,103785,940187,943658,87788,84317,2.713,-0.113,-0.06
802736,148698,20605,71116,788946,185319,429282,178304,70403,46402,136714,27196,76307,32823,8333,68753,724622,726676,64324,62270,-0.757,0.493,-0.783
1364541,236479,35858,84626,1291206,289773,804908,305868,66247,48439,233289,52651,70556,36973,21705,174052,1158952,1238559,132254,52647,6.887,1.263,0.427
993461,134349,204587,99237,1016713,257998,433665,219986,18964,42421,140340,238155,98080,99884,29316,73230,931940,933832,84773,82881,-1.52,0.73,0.343
925918,129713,10454,65174,993202,215660,422716,123589,113049,80588,133442,6094,74686,28839,3591,242061,898867,942785,94335,50417,-4.433,-6.587,1.3
1167028,180061,157789,154543,1170963,347486,553584,173403,59466,41464,183479,157105,154967,39553,9032,135633,1075985,1111251,94979,59713,-0.153,0.067,0.133
1154898,181414,57145,69759,1168954,260871,658688,303247,56458,82595,177948,66258,65758,30847,19945,152558,1073825,1102259,95129,66695,2.89,0.397,1.947
1165972,142593,7798,102985,1180191,296293,497289,155429,152046,126138,152459,8207,98775,31873,5997,239754,1100721,1128207,79471,51984,0.853,-0.71,1.117
1145239,197550,22929,119400,1110817,269702,674209,195853,49077,47485,192257,28978,112270,65773,13540,132805,1016144,1058364,94673,52454,-1.463,0.41,-0.203
1085076,146647,249055,134352,981157,283881,431320,178490,26047,40023,148714,201142,105285,44067,13865,97208,897668,914890,83489,66267,-2.47,0.167,-0.02
960961,118571,209123,91832,1041794,331282,430533,148705,33654,53241,122294,192960,111235,74788,11244,126609,968154,959476,73640,82319,-3.17,-0.197,-0.897
1041794,122294,192960,111235,1023972,316973,423620,143772,35698,52677,127986,180470,109534,73057,12011,127360,951358,941370,72614,82602,-1.667,-0.2,-0.197
1066993,192887,206930,154864,1067398,258084,441627,206611,25495,44625,190037,208475,157307,57172,24144,79905,993741,981578,73657,85820,-1.21,0.123,-0.727
1160280,88087,158887,83238,1165392,486569,562994,168916,77605,62669,79829,145854,79593,63602,7388,152920,1094098,1089023,71294,76369,3.613,-0.473,1.61
750225,108549,10864,73489,722203,147049,314918,138810,94671,68649,109504,13234,70154,23120,3661,106813,664098,672100,58105,50103,5.057,0.563,-0.087
1442222,237413,31678,97485,1364541,288776,825799,314934,74682,48560,236479,35858,84626,34314,28276,206002,1213692,1303804,150849,60737,0.873,0.427,0.13
1251132,244793,48008,139243,1201103,355720,512479,105366,181577,75055,216547,48554,138639,45058,30730,170052,1106438,1157087,94665,44015,5.3,1.11,0.203
834192,134344,4214,57143,870241,194359,404909,143566,118315,67602,130884,5586,56886,40160,5708,155378,788835,814384,81406,55857,5.803,-1.333,1.187
1149702,219274,51023,131725,1138920,322277,485309,109420,166863,65386,229126,50596,131452,41788,31087,158053,1057502,1088745,81418,50174,1.723,-0.293,-0.853
869500,133807,23811,72653,846361,226268,415336,128757,52906,78670,120601,25100,72793,14526,2944,132497,774112,780245,72249,66115,3.217,0.54,0.117
1026949,171595,6545,94273,1001126,218650,466926,143379,119238,97830,179227,8449,82910,20705,2554,166834,909535,944742,91591,56384,-3.4,0.777,0.083
705725,129704,13983,37352,696033,127565,301289,127826,93267,51652,125909,13954,33729,24896,5358,130126,621703,629375,74331,66658,4.407,-0.707,-1.293
1142594,139134,275656,156867,1085076,347995,431494,175459,22446,48608,146647,249055,134352,41219,11086,107158,1001438,1004199,83638,80878,0.457,-0.02,-0.11
1047015,249900,47893,71222,1008911,285191,473457,125321,147740,38586,220490,54638,64156,28694,28831,147883,910323,955292,98588,53619,-5.51,-0.49,-0.17
1180191,152459,8207,98775,1154668,297660,461300,152933,150756,125514,151643,14825,96798,27900,6554,234676,1087124,1090423,67544,64244,4.58,0.56,-0.71
1054988,227396,52600,113725,1089101,275674,496640,113256,177377,40651,282570,42812,112685,36210,35198,132309,993355,1037673,95747,51429,-1.743,-0.11,0.457
996027,190990,12613,86957,968675,193472,488869,143580,83333,90995,185333,11373,82220,24656,4198,155660,875916,916648,92759,52028,0.47,0.147,0.303
994986,139635,19263,59730,989986,290495,407183,126470,185260,107428,140087,4960,71875,22623,4532,168579,927557,949817,62430,40170,1.823,-1.773,-1.677
1142849,150045,41425,79387,1160354,229010,609362,285321,65030,89129,167092,41405,77392,14525,15353,185043,1047512,1082715,112841,77639,-6.873,-0.673,-0.12
778203,68427,41432,35762,777807,255698,432235,145229,30631,19891,67428,40528,35548,31298,2423,140605,695697,701862,82110,75946,-1.48,-0.107,-0.05
1091593,124003,281094,122675,1059151,297656,391514,227396,22479,44858,128016,275197,116192,60997,26726,97155,972269,974120,86882,85031,1.68,-0.06,-0.073
1429622,234276,27761,116591,1442222,318931,860289,318748,80600,54132,237413,31678,97485,33859,24975,225422,1285991,1374581,156232,67641,-1.56,0.13,-0.823
846976,160923,53855,59349,835059,250946,363851,122415,129629,30728,133373,54378,63933,34671,26949,113861,749927,783328,85132,51731,-5.9,-0.02,-0.59
759049,139998,39822,40395,733492,147635,328998,155546,92543,53554,138750,40466,40267,32349,7504,101801,669901,665133,63591,68359,-7.08,-0.323,-0.347
1154668,151643,14825,96798,1162945,287932,497145,149013,154296,124887,169774,7930,97625,27895,6756,232167,1089294,1120806,73652,42140,3.537,-1.013,0.56
952269,176003,11357,89886,1098071,322129,604020,132927,88187,55191,174427,12502,106744,48387,12986,164661,1004466,1044290,93605,53780,0.657,0.347,-1.463
1006656,157153,234499,91203,981326,254735,414637,224625,44612,59538,152455,211288,92228,73818,18539,49485,906884,890325,74443,91001,2.35,-0.353,0.267
1011397,139574,149103,90117,966974,233920,445210,213622,37449,36969,128361,179489,94894,100200,18868,85520,893486,898398,73489,68576,0.243,0.743,-0.657
1001371,134073,40754,63590,1041011,229361,563006,278008,51579,72678,142585,47419,66639,12719,12025,145171,947161,958517,93850,82494,14.613,0.123,-0.037
871381,121119,10013,87966,835440,159371,364696,149001,105358,73307,127586,9795,85402,20274,4527,137292,752233,780377,83208,55063,-3.89,0.507,-0.113
1130610,137807,263512,129303,1094211,348400,429871,195274,30763,45816,134221,272950,117428,42991,9127,119118,1003247,1025072,90963,69139,2.99,0.037,0.07
1298903,252441,33134,100562,1278094,368228,686775,171699,186223,66261,252777,32946,99107,55120,10584,155091,1168284,1236988,109810,41105,-0.25,0.58,-0.203
1250897,243112,24562,110297,1273244,414600,699425,175387,188762,54672,234312,37188,111916,43972,10252,122687,1157545,1224902,115699,48342,1.383,1.24,-1.29
997497,155515,222339,88987,982132,263598,421842,221831,31370,43557,157768,215606,82452,68113,31714,76625,913943,903165,68189,78967,-2.923,-0.187,0.19
1174150,165088,284885,172658,1172924,301228,410048,206323,26368,69095,164167,283126,170062,69704,28631,106149,1086729,1093480,86195,79444,0.6,0.313,-0.513
1255442,88353,96325,97072,1272515,486831,683688,184424,61750,58700,102336,98746,123397,62546,5030,176490,1194725,1207802,77790,64713,-1.357,0.277,-0.647
1007411,140748,200190,102635,989334,237743,414318,212660,37153,42554,142343,201863,96149,93475,29053,90136,915062,911226,74272,78108,-2.277,-0.163,-0.37
1119725,134605,348459,141811,1099719,370437,355027,180592,14822,42611,127121,361960,127186,47621,13782,110233,1005800,1025622,93919,74097,-2.003,0.373,0.847
1156998,188351,48415,73732,1161788,197600,643981,307038,55496,89877,198283,52853,70231,25632,22107,173329,1061991,1107874,99797,53914,2.653,0.3,-1.957
918717,126226,25867,90330,903800,195989,343702,125847,104672,99808,133386,30936,93272,21267,6797,156745,826314,835932,77486,67868,-0.783,0.3,0.913
1373609,180588,32819,110030,1404018,300348,815329,324222,82386,56452,207465,22362,111387,37667,28154,229177,1266719,1345248,137299,58770,0.927,-1.123,-0.103
1087295,165439,162851,111781,1089846,295149,494257,237830,46947,63359,155130,201754,116482,76057,15233,62522,1006529,1000555,83318,89291,-1.337,0.633,-0.273
1101581,166051,204278,145685,1083840,261720,416007,210872,24703,70015,165438,224095,126566,67313,29226,88392,990315,979004,93525,104836,-0.453,1.067,-0.58
964089,186999,72561,98592,961957,216384,536436,202643,45516,46792,184574,72212,100478,48388,8852,82830,882089,893117,79868,68840,-0.397,-0.117,0.247
1204634,233071,34648,93736,1239868,345571,659693,176719,175097,66951,248968,33729,93834,60589,11303,145797,1138429,1186404,101439,53464,1.973,-0.13,0.257
1138568,279107,8927,89406,1101246,268706,673505,135888,83019,34379,261770,15006,85846,72283,12707,150148,1009020,1054610,92226,46636,3.197,1.333,-0.087
950267,113323,36085,62867,936270,220584,439854,206415,34980,88748,107557,50357,63499,10847,15897,176249,873900,869585,62370,66685,8.007,1.543,-0.84
1226026,260090,52290,135218,1235305,342539,525927,102864,219982,62977,278588,49908,126052,39738,23253,176688,1129445,1184787,105860,50518,-5.307,-1.25,1.02
1127746,142787,53804,98998,1099448,393695,585678,181964,137434,41967,142958,63429,86962,54177,5489,124835,1026557,1045794,72891,53654,-0.7,0.267,0.713
1392039,164529,5574,123098,1317033,341517,536200,137408,168590,140180,169214,5306,112520,26959,9467,287715,1215513,1259978,101520,57055,-4.04,2.187,-3.067
1052317,184820,202576,162076,1023425,216699,425330,212188,22107,44383,182927,182965,158524,63599,31763,74680,953000,939753,70425,83673,-0.077,-0.18,-0.423
922115,116764,129178,42255,888267,294577,454868,191895,55932,15261,116807,120398,39244,35877,11416,118264,811926,815384,76341,72884,0.73,-0.543,0.02
819562,122503,28983,67653,794833,196550,323957,147173,78007,65565,109916,52116,65522,20086,9184,118533,723345,712883,71488,81950,-1.607,0.89,-1.153
1060255,114177,336900,119314,1033815,347729,363362,192366,20792,43073,117696,309708,104920,35869,12972,106571,948225,961399,85590,72416,1.513,-0.4,0.17
1020120,238414,41655,105850,982386,187844,614945,234614,64917,38504,230494,51843,89069,53999,13315,56747,891271,929339,91115,53047,-3.097,0.61,-0.89
709669,101657,49605,46485,705437,170595,265308,133181,73789,55403,94984,48885,44144,18367,10743,126725,643400,624998,62037,80439,1.577,0.663,-0.677
931647,194135,73060,101594,938238,196175,550976,209592,39252,38008,191541,71038,98422,60425,10090,66999,861163,874785,77075,63453,-1.91,0.303,0.57
1045294,229131,28424,112916,1065849,284718,533634,139972,167590,52993,228651,29470,113888,50069,9704,109122,979413,1016400,86435,49448,-0.42,0.79,0.287
991183,213595,46946,103069,1001008,183792,616524,230811,55607,45524,240729,46151,96833,45083,16002,68208,910982,944851,90026,56157,-0.22,-0.343,-0.147
722203,109504,13234,70154,719854,152031,318874,131527,90672,68669,120515,21625,61464,24965,4355,100003,659174,665661,60680,54193,-4.02,0.53,0.563
1131557,267186,24843,73505,1092191,280037,600350,159492,156384,50944,239184,26497,73764,66659,8726,128492,998571,1045158,93620,47033,-0.443,0.047,0.34
860705,131866,96051,68933,863138,209355,413649,186604,67871,56996,133005,88294,68534,49532,7228,80977,785003,783549,78135,79590,2.52,-0.337,-0.55
1020318,152104,232071,88298,1096516,269015,412645,237063,43799,79901,146441,234581,116132,75831,21510,64775,989159,973343,107357,123173,3.063,0.373,0.26
1139444,198861,4452,93503,1091083,249919,477956,126052,144695,121075,191666,4224,92397,24940,6526,186829,992879,1033702,98203,57380,4.247,0.89,2.523
1001008,240729,46151,96833,1013171,188788,630304,229374,57781,47007,245815,45368,102516,45176,14235,64034,922710,961246,90460,51925,-4.593,-0.22,-0.343
1170963,183479,157105,154967,1169175,337524,544116,176233,55074,43078,188747,172581,156059,40803,9601,133858,1076301,1114366,92874,54809,0.12,0.123,0.067
1049772,211853,28181,103353,1033296,313178,483570,129910,172493,40301,194592,39203,99553,39616,14282,131104,948253,980505,85043,52790,-1.313,0.227,-0.867
1289638,259389,9790,114706,1224430,285638,734549,153726,70047,47202,250469,13346,111357,79391,11636,187735,1115518,1175872,108912,48558,-1.853,0.323,-0.067
1169175,188747,172581,156059,1207617,359170,542357,178571,55801,50029,177910,193349,155513,44511,8490,144474,1110178,1150013,97439,57604,1.693,-0.16,0.123
1031751,156786,194544,117119,1016071,251162,448159,209543,34289,54902,157773,183399,111781,70236,19987,72316,927713,924833,88358,91238,-4.73,-0.333,-0.557
1246909,223920,33839,101168,1234789,384129,665470,167144,175547,50067,221378,33185,101279,57728,9324,156281,1138007,1191154,96782,43634,-0.563,-0.13,-0.54
847592,144787,3702,54946,813714,139127,383129,142482,79789,64410,144497,18000,51706,31639,5200,148899,722760,751133,90954,62581,-1.13,2.41,-0.957
1099448,142958,63429,86962,1099047,396196,589392,181572,126752,41173,140931,62413,83693,52920,8727,127088,1023573,1039238,75474,59809,1.457,0.343,0.267
1023380,180301,104415,147826,1003282,221100,546980,203199,41779,44884,187060,84943,124225,70583,12040,69263,920314,924114,82967,79168,1.543,-0.273,0.137
1172924,164167,283126,170062,1102603,263159,404990,201757,30412,59189,178371,258310,156636,68174,27843,91490,1018776,1028870,83827,73733,0.393,-0.503,0.313
1030895,130287,115589,37882,1024234,301515,604880,256209,41380,23880,129668,98803,34132,38252,15542,140846,924503,959464,99731,64770,6.657,-0.093,-0.06
894433,137832,124911,68758,876028,255387,435146,193418,58514,45848,144728,119232,64145,37691,7852,64872,806089,795609,69939,80418,1.317,-0.673,-0.037
1140445,143053,289711,155729,1110515,275821,384568,230972,21805,43212,141944,298044,147326,85956,29594,103848,1029079,1028397,81437,82118,1.83,-0.09,-0.12
769869,127543,30721,45078,854752,181600,363268,157358,122084,61843,132738,20602,61492,36698,6879,147187,778917,783357,75834,71395,1.433,-1.557,0.56
970670,122576,31192,81280,965727,257710,449308,158920,50056,91989,111210,33926,77354,13009,13318,184097,894290,900049,71438,65678,-2.363,0.837,0.297
1078305,194205,14859,98594,1037468,211416,522911,144194,88165,94542,205108,12310,91062,23119,3178,169328,938768,981495,98699,55972,6.327,-0.263,0.06
856336,102264,115849,47031,855873,283760,420972,180712,36117,31015,99014,117714,49080,28394,30974,107963,779938,793835,75935,62037,1.68,0.14,0.023
677284,63193,37474,31889,661406,187118,353597,136881,28391,15881,63360,35760,34518,33555,4501,122217,593530,594866,67875,66540,0.05,0.053,0.04
1005896,148533,226467,102919,972001,227765,390234,243693,38892,54736,150164,215411,98881,66645,21986,45835,887720,865975,84281,106026,1.807,-0.18,-0.16
1090223,296262,10014,86040,1114917,234214,705517,145839,83059,32864,292726,8278,82882,77635,14945,144249,1010410,1071793,104507,43124,1.18,0.763,-0.6
951537,176312,41177,77543,996004,283697,478483,139361,148689,57487,184830,44867,88857,35466,11537,112102,901801,942021,94204,53983,-24.833,-0.623,0.4
815988,119431,8293,80492,813510,161767,350052,146474,105027,78622,120897,11134,74587,18928,4502,130408,731684,754333,81827,59177,-2.267,0.087,0.667
1151256,129722,16537,106019,1160204,293200,468021,157775,148428,128097,128695,14947,109794,23010,5062,240363,1080933,1114710,79271,45494,-2.637,-0.77,0.657
696033,125909,13954,33729,663313,122369,275088,128906,85707,49309,107912,22423,36439,25281,4950,124188,594404,598104,68909,65210,2.523,1.71,-0.707
1251166,195439,38009,81828,1272077,259180,751705,331580,68601,77805,197924,42103,74618,31178,18054,179838,1152124,1212724,119953,59353,-3.407,-1.307,1.127
847751,130651,111696,64010,850497,245012,407913,197177,50876,41495,127372,114580,73897,30377,11219,66919,782249,766900,68248,83597,1.46,0.457,-0.577
940906,162593,213014,82755,909911,206267,395940,219015,32914,36937,165890,205555,78040,65468,14652,71699,843316,835737,66595,74174,-1.26,-0.297,-0.383
1269415,174643,7286,115861,1270677,303136,530406,155196,163972,133611,179091,3857,120800,24773,12661,252384,1168990,1217690,101687,52987,4.523,0.03,0.993
1201103,216547,48554,138639,1164731,368099,499468,112032,163424,73416,185512,48766,136957,44774,29529,160889,1081681,1112449,83051,52282,0.89,1.93,1.11
905277,132674,100899,75950,888534,235585,397065,177301,65088,58191,130350,105668,68727,49795,11168,97282,817230,803189,71304,85345,-2.433,-0.58,-0.277
1039532,140883,173833,110525,1052387,262735,418489,209435,36770,48633,141269,206303,118680,86404,36917,113783,980939,979576,71448,72811,6.073,0.08,0.303
944192,133109,175308,101187,901832,188858,419961,239769,51312,38962,142506,152939,87362,62333,12742,47123,806913,810402,94919,91430,4.073,-0.54,-0.177
1035783,143620,2086,75075,1015730,215482,404407,110551,122011,101191,141545,1822,69395,27170,5088,258197,923532,962112,92199,53618,1.607,1.17,-2.387
1025671,161325,174647,117955,1001327,249661,423581,231227,50066,61051,152532,203287,113336,63225,13446,51713,922745,916479,78582,84848,1.637,0.6,-0.683
979169,130356,41962,66965,1001371,225310,549332,261660,49444,71754,134073,40754,63590,11783,9173,149719,917888,933765,83483,67606,-5.257,-0.037,-1.14
1152172,174329,40534,77856,1117624,206091,587568,293420,49602,88256,167564,57147,75723,18715,17989,179250,1029020,1055536,88605,62089,-3.443,1.013,-0.32
819237,124076,78110,70907,803425,217517,439605,194358,51595,35906,130056,74519,65491,34864,7357,57462,735654,731935,67771,71490,-5.333,-0.53,-0.09
1057235,125854,276717,98776,1042068,311469,393128,209893,24253,48930,125803,254601,102818,65191,30148,98175,962279,952053,79789,90015,0.03,0.473,0.05
846263,134902,66397,80520,856939,263008,326005,133907,131179,31616,133934,90613,77547,32744,18081,115238,787995,790280,68944,66659,-3.203,0.773,0.143
901832,142506,152939,87362,895003,189689,419247,240899,53175,36872,145904,157444,86580,58708,9582,49174,807826,812075,87177,82929,-0.393,-0.37,-0.54
797192,184418,30768,40015,785543,142146,400701,151628,79880,54556,172741,29878,36068,29790,8755,112854,699783,722692,85760,62851,3.927,-0.643,2.397
990817,167534,194023,105490,1105000,276151,453319,208224,35366,74451,160813,199389,137289,56197,17648,100261,1013386,1017723,91614,87277,2.553,0.71,1.14
1358236,194948,3070,102680,1321425,363908,493139,126984,228207,137450,190817,4773,98356,22741,19463,282620,1222874,1264006,98551,57419,2.567,0.393,-1.767
1091655,222684,45795,119023,1174330,336913,521063,96682,192821,53041,268989,41081,123137,39914,37393,159408,1078084,1127943,96246,46387,-3.093,-3.033,-0.07
1047883,245954,47076,84423,1045123,281961,493542,126360,153662,37931,245469,48595,79875,29368,30128,147242,948206,990974,96917,54149,-3.82,-0.167,0.31
1002594,154661,18848,80887,1002939,260760,376957,129043,167309,116579,151412,26867,70798,22373,3044,183357,934322,944911,68617,58028,0.507,1.203,-1.423
1262183,280784,27862,88139,1234601,327531,675132,175480,173167,59864,274242,28554,81774,59669,13273,155956,1134515,1187720,100086,46881,-0.01,0.403,-0.223
940195,177513,229302,90192,981325,265092,432811,218433,21808,37365,172612,215061,97562,54990,26317,71535,917590,902459,63735,78866,-0.613,0.877,1.01
1057830,114461,214527,113826,1024632,317274,414803,193360,23333,41572,109579,224628,113813,44392,11025,114708,934698,943882,89934,80750,2.07,0.42,-0.213
1092682,136437,204656,114031,1061312,282808,484434,214348,31272,41156,132713,205384,100662,108151,19446,97413,977251,979768,84062,81544,3.067,0.243,-0.21
698652,56798,35298,32336,686189,211568,379422,135161,29340,16797,60552,33306,32102,32599,4940,122734,611513,618642,74675,67547,1.423,-0.177,0.403
1051847,206305,43416,105422,1024918,260761,472700,134961,158842,43748,224177,46245,106599,39567,13841,124493,934306,966469,90612,58449,1,0.58,-0.007
981814,126432,23768,83835,970670,258575,453944,143431,54283,94042,122576,31192,81280,13266,11783,182049,895220,908573,75450,62097,3.277,0.297,-0.23
1008982,155161,5803,71620,1088715,353377,452992,118392,226598,107832,166057,2869,72598,25442,10361,169282,1012980,1042533,75735,46182,1.847,-2.85,-2.21
831077,127904,106790,36368,845656,233628,429276,184699,50739,35789,125444,95884,36502,32934,15612,114082,763078,777885,82578,67771,3.527,0.167,0.167
866006,100232,98051,45063,881918,280528,481075,182295,51674,36441,115501,88201,45718,34437,18965,116536,811455,838611,70463,43308,-0.327,-0.36,-0.167
1234789,221378,33185,101279,1192703,377591,657743,175817,167052,46331,204314,33351,87960,56445,8014,147481,1095939,1147933,96764,44770,0.497,-0.067,-0.13
936084,209797,50962,75822,952414,232661,446952,137152,162345,42074,228079,46966,78337,33944,10292,111781,864028,898746,88386,53667,-2.483,-0.113,1.393
1404018,207465,22362,111387,1429622,299345,833359,314490,81580,55811,234276,27761,116591,36271,26289,226611,1283395,1368002,146227,61620,8.51,-0.823,-1.123
856939,133934,90613,77547,869216,252179,366200,136852,139511,30755,148904,77822,75580,44562,10312,109293,798125,809474,71091,59742,-12.393,-0.787,0.773
1004020,100349,226831,83987,1001556,317429,363233,158119,28502,62239,97068,232068,89977,70040,12535,136874,931746,925427,69810,76129,-0.867,0.243,0.163
1060293,182505,13870,108484,1057619,267111,591596,144622,66469,50558,193889,17038,101767,55635,18524,161332,974914,1007284,82705,50336,-2.793,-0.163,-0.113
1089101,282570,42812,112685,1100767,273392,508448,112874,186174,38276,298551,40535,104160,38578,37479,132182,998013,1047254,102754,53513,-2.51,-0.513,-0.11
1044324,149930,73407,111287,1023556,309978,464463,126349,160039,60922,178256,40117,109920,40975,12059,117786,944186,965306,79371,58250,3.92,-0.647,0.56
877633,104411,176958,79707,815819,213132,414349,177331,33305,39589,126539,116120,57765,52594,20312,75468,742418,756907,73401,58912,-0.503,-1.137,0.573
1133679,283797,63762,147246,1069826,259614,482909,118670,155410,38259,270304,65693,132532,38666,23140,119401,977446,1017344,92380,52481,0.543,-0.037,-0.28
931113,138498,132935,76534,1051676,266992,487485,208338,49278,50433,139498,137638,111069,82107,31365,113621,972057,980890,79619,70786,-1.55,0.23,-0.677
1162945,169774,7930,97625,1183796,300301,509223,141623,153674,126370,171856,4808,97462,28581,7528,233816,1100008,1132881,83788,50915,4.073,-1.25,-1.013
894903,131809,135924,80282,886464,249745,395423,178220,34418,44763,119082,154848,87029,53664,21963,82188,814690,820632,71774,65832,2.483,-0.443,-1
1156264,120529,86542,132004,1165724,384484,638714,170510,41022,55629,118666,67181,134715,64571,11780,155008,1083584,1104049,82140,61675,-1.88,0.37,-0.15
842181,149443,7880,55396,831483,197278,429636,130437,83214,64565,147514,10063,54493,25843,4631,118262,738392,764864,93091,66619,2.283,2.567,-3.237
891232,132055,113321,68382,864059,257857,424402,199527,50809,42949,129440,118943,63923,30552,11930,67926,792174,780883,71884,83176,1.28,0.127,-0.403
815533,131443,118635,52049,804303,215466,406758,176432,32215,39842,127858,126911,49500,52825,19502,69449,731372,744178,72931,60125,1.11,0.13,-0.16
1154085,177589,40664,76425,1134983,201101,605411,285780,58456,88162,176772,40333,77550,18484,15592,186067,1033916,1071571,101066,63412,1.447,0.14,0.527
947826,108925,49713,62900,966314,228732,470820,224846,35885,80174,111687,48190,66872,9746,17378,176986,899043,896306,67272,70008,-7.067,-0.4,-0.117
1042068,125803,254601,102818,939032,265166,401545,203035,25473,48395,135624,194237,81098,54324,30032,83309,870950,864089,68082,74943,0.66,-0.397,0.473
1010485,111729,145001,113943,992639,293951,476203,192448,48189,40152,111381,117191,112273,39524,17806,125275,915004,937090,77635,55549,-5.24,-0.517,0.073
934721,108924,130990,85602,928763,322558,310863,128422,138088,34726,111734,133962,88417,32068,13615,141324,859249,860995,69513,67767,-3.62,0.247,0.237
1182157,296334,10846,86853,1178565,259708,690674,138391,96399,43048,293732,12323,92170,75272,18591,178155,1080476,1131360,98089,47205,-1.76,-0.157,-0.18
724881,60853,32141,36250,698652,227258,390094,135449,29331,16833,56798,35298,32336,32295,4945,126343,627312,635181,71340,63471,0.79,0.403,-0.23
1100779,227507,24784,70879,1108012,358401,656487,170222,143077,38871,210973,28391,62509,60688,7059,124769,1026433,1061164,81579,46848,-0.253,0.02,0.363
977374,153050,159650,85397,963895,259096,442099,225800,53006,49126,147375,153268,80241,40950,13512,74285,876872,865538,87023,98357,-0.873,0.18,-0.567
1290057,290471,26156,129720,1279609,352816,621632,135841,216966,54782,295123,25301,132515,41020,12497,166461,1178557,1230154,101051,49455,1.017,0.293,-0.333
840401,141334,10138,59591,844364,138709,368423,137504,105076,72639,146495,4774,56089,28875,4629,167665,747977,779295,96386,65068,-2.853,-1.16,0.697
1001327,152532,203287,113336,989947,250041,419524,229280,52344,56693,156275,208519,105789,66418,15200,52411,916908,910480,73039,79467,2.143,-0.293,0.6
935967,105025,41789,63398,957776,224859,454406,203150,40375,90337,109462,42982,63780,11829,12697,186648,890065,891226,67711,66550,-5.313,-0.183,0.02
1128325,83293,138697,82903,1160280,479963,552296,172625,69303,59060,88087,158887,83238,55840,9600,152866,1091679,1085250,68601,75030,9.343,1.61,-0.55
1311716,248340,106312,155194,1383663,393297,740331,174957,103605,44741,282990,93814,180052,51724,12536,156062,1283822,1331141,99841,52521,-2.71,-1.037,-1.197
1284480,83039,116949,91144,1272170,510019,661379,176774,76925,70068,87127,101609,97036,61081,8223,191864,1193969,1207104,78201,65067,3.827,-0.117,-0.18
1022637,154389,171162,110066,1025671,254749,471808,232151,58500,54195,161325,174647,117955,65237,12531,57628,943238,947262,82433,78409,-1.263,-0.683,-0.09
1105000,160813,199389,137289,1101581,273763,438916,206497,34710,68100,166051,204278,145685,58360,22868,97910,1016367,1012468,85214,89114,2.93,-0.58,0.71
1023309,146414,52115,107915,1035833,344968,442529,127159,151538,68297,143141,67325,110544,40527,9444,122919,957555,972596,78278,63237,-0.287,0.043,-0.377
1099719,127121,361960,127186,1235045,418833,417219,183026,12729,45638,132024,345518,163953,46409,16616,151118,1141001,1152791,94045,82255,1.773,0.153,0.373
1017353,133681,165706,93484,1011397,250119,507065,217611,49505,39160,139574,149103,90117,104513,19562,92022,933117,946535,78281,64863,-3.673,-0.657,-0.767
1023556,178256,40117,109920,1018450,302249,472759,126025,161652,58348,184719,34762,105969,40852,10476,117907,936067,961873,82383,56577,1.133,-0.163,-0.647
870547,106547,179603,86974,899759,266396,362904,189255,28421,38416,102210,202694,92054,60502,20824,83482,832313,828793,67446,70966,2.45,0.37,0.55
731430,102902,50579,50518,709669,167674,271195,132013,75049,55256,101657,49605,46485,19810,9530,122070,644965,629189,64704,80480,-1.137,-0.677,0.013
1073444,272076,60437,121411,1187635,331469,537575,113644,188224,44738,284624,56907,119623,39546,27836,161006,1094650,1135907,92985,51728,-2.883,-0.093,0.35
1535068,205517,59511,102946,1533305,424351,923227,291312,52668,58541,231986,73050,66553,48494,31293,246224,1367461,1451556,165844,81749,-2.41,0.03,0.63
989947,156275,208519,105789,997629,256814,419203,229610,43354,57626,158918,219227,97347,70642,15907,52938,923894,905602,73735,92027,-3.37,0.45,-0.293
952414,228079,46966,78337,974124,238921,481215,135188,165098,40397,244301,39254,76693,36893,8092,109569,881963,920317,92161,53807,0.49,-0.147,-0.113
810211,123256,8815,51901,822825,172267,367589,139162,119422,58518,136697,9988,53572,39154,6198,148757,748127,764044,74698,58781,6.917,1.593,-0.223
1080293,228077,10311,90191,1090944,248560,640479,142502,82973,45866,240433,6689,87350,65899,17124,168506,999115,1048986,91829,41957,0.79,-0.77,-1.27
788946,136714,27196,76307,795811,191921,424003,177638,70058,43172,137920,37409,77208,33505,8251,73524,734888,733626,60922,62184,5.243,0.163,0.493
1187494,234009,26271,108435,1250897,371679,679678,168056,182641,60807,243112,24562,110297,40175,10058,138689,1132816,1206733,118081,44164,-1.857,-1.29,-0.417
1083479,150132,89660,104636,1050724,362286,461897,130797,148222,63238,145714,74700,110047,30937,10132,124913,967932,993149,82792,57575,1.377,-0.307,-0.077
1212101,272454,25898,73073,1206727,304681,668767,168572,171779,58056,290856,27806,73941,63811,10815,146754,1106673,1157918,100054,48809,-1.853,-0.207,0.243
845478,149208,24124,66198,985537,222444,379435,132394,135668,111607,147222,18043,85387,21661,5175,198936,919652,934252,65886,51285,-0.923,-0.553,-1.223
1235045,132024,345518,163953,1240536,404655,432736,183889,14835,46761,141610,330710,175404,48967,16458,148008,1149295,1164912,91242,75624,3.503,-0.283,0.153
912216,140076,197149,74627,998004,259306,430351,232112,55040,54787,150661,175962,88683,43456,14709,78543,907549,898075,90455,99928,-0.957,-0.06,-0.05
886498,138711,19223,80740,965069,251390,463114,118685,55536,89612,135164,21506,84972,15865,5776,174697,870384,895212,94685,69857,-4.457,-0.21,-0.137
968675,185333,11373,82220,929344,197502,479544,140953,79357,87485,175970,12541,75020,20521,3387,139960,837412,877294,91933,52050,4.343,0.613,0.147
973942,202093,86513,140346,973414,195125,550010,202342,32214,31971,227370,73501,127915,49761,20999,65775,900259,902385,73155,71029,-1.913,-0.027,-0.457
962637,126845,263100,100688,958093,249463,371512,222506,17229,33012,127198,254776,99187,65671,23429,81577,878614,880722,79478,77371,1.097,-0.387,0.727
1098593,109331,150159,112799,1074232,349612,500591,186783,40034,54911,101091,141530,101272,43910,17995,145015,982593,1001349,91639,72883,0.42,0.077,-0.12
982386,230494,51843,89069,975759,185158,594415,235553,62636,37187,212694,60154,96190,60678,9818,55198,882658,915598,93101,60162,-1.913,0.06,0.61
1167652,282979,28423,73787,1131557,286951,628292,162693,164809,50134,267186,24843,73505,62023,11089,136145,1038637,1088816,92920,42741,1.197,0.34,0.067
1003282,187060,84943,124225,978271,214742,540423,203707,39408,41061,187609,84420,115174,66050,14363,70860,899203,905709,79068,72562,-1.23,0.217,-0.273
948421,146530,199854,87208,992597,257814,411137,236255,40042,45529,142532,225872,99165,66735,20430,53495,901524,895668,91073,96929,-5.47,0.177,-0.207
1187635,284624,56907,119623,1191350,334675,546779,110812,186549,44442,279379,55177,135508,39838,22310,147576,1092231,1138340,99119,53009,1.87,0.463,-0.093
1092191,239184,26497,73764,1100779,336417,647075,161619,145606,45125,227507,24784,70879,57414,7458,117681,1016641,1058608,84137,42171,1.38,0.363,0.047
928162,97969,179161,77449,924583,289678,364793,158243,26151,46071,98467,198187,76806,68817,16475,119332,857414,847815,67169,76768,1.26,0.873,-0.957
936194,127596,10253,64956,942668,203909,375306,116365,107471,89540,126306,11934,67711,26987,3687,234956,865774,890605,76894,52063,2.803,0.043,0.693
1004674,217031,31767,97778,1009888,260320,477331,135715,180648,38176,223144,28979,98509,38234,16268,120415,914513,960325,95375,49564,4.687,-0.327,-0.357
1012053,121524,94919,93858,1156264,382141,604090,165376,37222,52216,120529,86542,132004,65603,14969,156495,1074365,1083538,81899,72726,1.187,-0.15,0.697
1206727,290856,27806,73941,1167652,299465,648399,165013,171023,50722,282979,28423,73787,60037,11065,139866,1071869,1123285,95782,44367,-1.837,0.067,-0.207
952629,173310,205630,91049,1085674,277460,454346,207658,27194,57719,185973,217846,133312,59976,19125,93430,1015528,1002974,70146,82700,1.9,-1.047,-0.13
851811,129283,93203,71890,936600,270212,419798,171077,68621,55678,130498,96209,88357,44592,10345,107165,867579,846173,69021,90427,0.743,0.847,-0.667
1140328,200006,51177,135431,1149702,332886,495428,111069,163401,64534,219274,51023,131725,43508,31559,160720,1063718,1098390,85985,51312,1.46,-0.853,0.303
812937,133583,87212,74672,851811,247676,419839,175604,67169,44889,129283,93203,71890,43367,7178,68117,780826,772284,70985,79527,-4.583,-0.667,1.477
1064647,249670,28383,108739,1051640,264388,515881,131090,170913,38931,252504,29995,108223,37631,15038,127544,960311,1006525,91328,45114,1.387,0.257,-0.91
1176147,150577,302778,128115,1184772,398766,410921,167122,21061,57859,140232,316178,151509,44929,14388,128158,1088575,1100074,96197,84698,-5.707,0.523,0.17
1217462,235314,33801,93979,1200726,337015,629202,174451,174399,67550,226812,36016,94923,57750,9404,141508,1100010,1153003,100716,47723,0.983,0.443,0.853
777807,67428,40528,35548,761757,253395,417168,141767,30355,18820,64337,50688,29884,32660,3246,131109,671972,681271,89786,80486,1.657,0.537,-0.107
1194992,109786,97762,88346,1197601,471872,613963,173076,95677,53912,106614,120535,95940,75797,6599,144278,1121490,1130905,76112,66697,2.087,0.827,0.103
957222,113657,49515,69299,979169,215070,522284,254738,47618,72976,130356,41962,66965,13461,9507,156426,909992,917737,69177,61432,-11.413,-1.14,-0.283
1162988,248708,25406,105327,1219612,415739,626756,161955,202351,59929,212431,34196,99885,30049,8846,135567,1115554,1167528,104058,52084,2.367,1.223,1.083
965069,135164,21506,84972,976556,262592,455635,119993,49869,98914,126975,25951,85231,14309,9291,184638,892652,909529,83904,67027,-0.96,0.547,-0.21
1065027,227209,55066,124590,1042339,295171,464740,106418,174914,37596,231643,53922,115688,36033,21631,126355,948904,994847,93435,47492,-0.02,-0.163,1.757
705437,94984,48885,44144,703033,167083,257070,132210,87210,54537,96248,47001,44160,19269,9393,125911,639417,625284,63616,77750,1.687,0.033,0.663
945821,144425,236863,121348,925097,228088,375131,204217,18993,36089,147977,210588,100716,34634,21190,93928,845649,856635,79448,68462,2.467,-0.303,1.25
912021,163301,27047,88661,952269,243006,570883,143907,62508,33192,176003,11357,89886,49133,8427,119330,854457,895581,97812,56688,0.063,-1.463,-0.747
759727,126993,36193,44441,756592,166054,325393,146429,93140,57840,133266,45826,42836,35201,7075,111978,693605,684089,62988,72503,2.65,0.143,1.203
1020546,115766,302533,100977,1036927,318155,349287,170021,28425,41057,129789,305936,117603,59474,9868,118572,954671,970749,82256,66179,-0.873,-0.38,0.103
1160204,128695,14947,109794,1159504,291592,466766,155385,147252,128785,131619,11271,110678,20524,4467,243399,1081983,1112619,77520,46885,0.113,1.163,-0.77
870241,130884,5586,56886,893334,214599,416591,136723,123566,73764,128709,6594,57009,41901,5967,155794,808498,839284,84836,54050,7.68,0.183,-1.333
1050420,139725,186589,122919,1051601,337919,450801,184008,36710,50221,124743,199130,110337,35127,9159,119006,961362,975364,90239,76237,1.353,0.1,-0.23
840193,140480,48018,77720,846263,262227,347007,129077,140848,27425,134902,66397,80520,33873,16730,110877,778901,789805,67362,56458,7.52,0.143,-1.353
981698,169788,105048,112500,995359,249341,493975,197084,39703,50318,172209,150391,103710,60237,10896,72455,905353,921446,90007,73914,1.51,0.38,0.283
1161788,198283,52853,70231,1167222,215321,649380,302805,56072,86808,189268,57417,64877,30625,21730,169115,1058819,1105399,108404,61823,-4.85,0.033,0.3
1002345,129400,203116,87570,1104451,326435,483600,203692,36099,44666,125935,208903,105137,92508,22378,119263,1017636,1020045,86814,84405,1.85,-0.69,0.79
1059937,212508,41889,106268,1051847,276651,478825,135305,167780,52118,206305,43416,105422,38732,13991,138713,953245,1000265,98602,51583,-0.89,-0.007,0.3
837868,115559,97994,61203,867633,312715,345613,136862,121971,29004,111321,102734,67255,35337,24603,107588,800082,798768,67550,68864,-6.143,-0.16,-0.303
1154171,211121,35099,116366,1119488,263788,664591,211427,55169,37271,189954,39870,112858,67813,12207,142716,1025829,1064682,93659,54806,2.517,0.233,0.353
781878,171696,31114,27934,838076,198879,407036,145045,91873,66574,153940,30168,35726,28096,8971,132375,760635,772723,77441,65353,-5.79,2.017,0.98
960745,101162,51063,67509,938038,222901,443726,188654,46739,92991,108053,28784,64104,11689,15368,175884,864276,867597,73762,70441,-3.88,-0.443,0.563
807778,89664,81797,34007,823882,300138,456710,182230,41486,14787,81208,77600,35434,18571,6162,103741,736108,735922,87774,87961,3.68,0.37,-0.22
961098,110742,179468,105130,964883,275080,468786,189891,26715,41879,118747,148770,98621,46336,10743,99363,869917,894877,94966,70005,0.973,-0.25,-0.097
888267,116807,120398,39244,873840,295930,449598,190513,53312,13700,109610,120422,37490,34409,10360,111605,793258,796486,80582,77354,-2.113,0.07,-0.543
875942,145083,34486,68349,938749,267000,471873,138574,68160,89921,142957,31429,67316,17626,2491,140847,864241,872037,74508,66712,-3.73,-0.213,0.627
1056996,129131,360,71619,1069152,221522,429682,129563,132380,105100,138199,527,77125,39790,4981,264385,975684,1014181,93469,54972,-3.13,-2.013,-0.917
941763,148322,114957,82262,934280,255232,467985,204860,34854,33739,135008,148365,75007,74943,18413,86192,864981,864555,69299,69726,-0.68,0.873,1.267
853180,138175,23438,72174,886498,238964,449767,119045,54346,86402,138711,19223,80740,16690,6176,114474,795026,811129,91472,75369,4.083,-0.137,-0.06
733492,138750,40466,40267,753555,181674,376568,161512,86940,48213,127838,32126,41766,31711,8560,93498,686212,687672,67343,65883,-1.147,-1.327,-0.323
789907,130110,37129,45863,759727,174842,334661,143914,91774,58025,126993,36193,44441,32947,7837,111492,692654,684424,67073,75304,3.19,1.203,0.697
1146015,150028,267524,112206,1176147,415714,445711,164112,26456,61295,150577,302778,128115,40337,14639,125655,1085805,1104648,90342,71499,-0.117,0.17,0.047
991178,172211,207806,87628,981558,259024,439176,208929,31920,37695,167325,221536,86962,80057,21014,67820,907813,906123,73745,75435,-0.49,0.26,-0.703
1063192,132117,266307,98292,1057235,319128,391142,217027,23031,52570,125854,276717,98776,63165,26334,103150,979670,971721,77565,85515,-1.253,0.05,-0.417
1250389,188623,49782,87390,1251166,258715,734368,331330,64002,80898,195439,38009,81828,29407,19936,174208,1151825,1193249,99341,57917,6.483,1.127,-0.403
981157,148714,201142,105285,988898,285322,459519,179677,34275,48408,154054,183720,91861,47728,12920,92730,899780,923432,89119,65466,-2.247,-0.59,0.167
989799,131477,168916,89649,1002345,286540,460558,204702,31569,35238,129400,203116,87570,93409,22864,82910,919769,923824,82577,78521,1.72,0.79,0.047
1041236,133465,78,71386,1015284,222157,387407,108282,134094,97689,137761,1487,73537,28755,3502,260819,929000,958536,86283,56748,1.91,1.967,-0.963
1130433,191408,25598,119184,1145239,282533,701731,192153,50919,49899,197550,22929,119400,67899,14126,140458,1049891,1099461,95348,45778,1.797,-0.203,-0.203
1084641,148822,292120,139900,1009347,305238,420943,176557,25282,36056,152923,220772,123368,35644,11476,95864,925649,933760,83697,75586,-0.853,-0.053,0.167
1279025,260710,31088,96780,1217462,338274,639680,173815,177952,68624,235314,33801,93979,57824,9863,144680,1112510,1168578,104952,48884,1.863,0.853,-0.523
864059,129440,118943,63923,847751,248590,420610,194519,53382,42156,130651,111696,64010,29717,11946,65346,774990,769147,72762,78605,0.46,-0.577,0.127
978271,187609,84420,115174,977769,205548,576899,202058,43628,41420,206342,64432,105625,60860,12361,72118,893972,916483,83797,61286,1.04,-0.5,0.217
1299681,173156,4312,118420,1283970,338136,537714,132569,160380,140907,179421,12014,102232,21756,6337,262331,1177352,1221914,106618,62056,-0.33,-0.12,0.063
925097,147977,210588,100716,1070771,302710,378203,199359,30279,53594,146063,273248,123054,39126,18441,123861,987767,1000681,83004,70090,0.57,-0.563,-0.303
655530,104387,20925,36425,658083,116554,278285,136330,84000,50507,109644,19221,39812,22453,6073,115514,590813,593412,67270,64671,-8.82,-0.953,1.127
882113,124127,85651,39078,807356,209770,458996,225791,41428,24137,118925,86706,32597,29027,13888,85061,725309,742814,82047,64542,7.047,0.233,0.037
826095,125613,44650,83290,805285,172330,443035,190368,66177,49085,141396,25373,69012,30216,10216,76608,729015,739508,76270,65778,-0.207,-1.04,-0.357
912728,131418,137350,74269,909585,264770,437779,150950,39747,43320,135759,122103,68182,73419,15938,107814,844214,834883,65371,74702,-1.913,-0.04,-0.41
1081953,237780,9438,88265,1093275,225227,648381,138559,88784,42068,263319,5783,84854,82819,21497,161652,998498,1053020,94777,40255,-3.353,-1.493,0.54
899153,137745,30562,90701,879102,183838,335786,131096,105593,96349,135736,39131,82776,21365,4059,143040,794200,806734,84901,72368,-2.203,0.303,-0.647
948145,140517,2455,69556,901073,188572,430206,134772,89388,71839,136679,1598,65942,29095,3740,185550,812448,848262,88625,52811,1.353,2.017,2.363
920099,151642,74543,64971,884550,293385,371898,125651,122717,34380,137107,93033,63360,30780,19948,129551,814213,834885,70336,49664,0.827,0.64,1.087
1009815,131472,236634,93118,963503,249870,395683,202542,35546,42185,131183,230622,88427,99936,23829,69849,883993,886142,79510,77360,-2.43,-0.5,-0.26
1165392,79829,145854,79593,1309864,535857,633194,166892,79623,82674,82984,134163,100050,65378,6568,198092,1231928,1234364,77936,75501,-13.037,-0.23,-0.473
1321425,190817,4773,98356,1313970,328575,493594,129098,200152,141747,191136,3527,117746,21197,19427,279411,1208910,1255604,105060,58366,-4.187,0.25,0.393
936270,107557,50357,63499,947826,227579,456016,213970,34293,83102,108925,49713,62900,10792,17782,176675,883944,880480,63882,67346,-8.683,-0.117,1.543
1154043,138274,14287,105810,1157622,300916,484172,155013,149673,127133,133705,10584,105699,25571,6629,228987,1077023,1112876,80599,44746,-5.233,-0.277,1.853
664127,64477,30009,50387,642302,177863,354791,136439,25450,15007,62335,26504,48290,32726,5086,103380,576040,578508,66262,63794,-3.293,-1.07,-0.697
915965,149765,189462,91491,939572,239237,412990,241397,40711,42224,148202,193760,90590,61359,23043,39830,862839,843148,76734,96424,2.167,0.43,-0.58
886464,119082,154848,87029,870547,256688,368750,184679,32074,39398,106547,179603,86974,54443,20341,77378,806107,804518,64440,66029,0.377,0.55,-0.443
1169954,151080,308561,163386,1209619,327616,393905,202530,22502,72776,153638,306994,181215,49104,25024,130942,1117820,1133357,91799,76262,1.347,0.317,0.57
1085674,185973,217846,133312,1066993,252276,445455,205007,27777,46656,192887,206930,154864,59675,20929,81587,992951,984199,74042,82794,-0.21,-0.727,-1.047
1054511,131206,118265,35601,1034854,309816,558056,252480,42883,25266,129798,133265,38149,37518,17064,146391,939418,961075,95436,73779,-5.52,0.05,0.457
1045123,245469,48595,79875,1047015,280582,501291,126236,155771,36679,249900,47893,71222,32296,31095,145998,942913,989950,104101,57065,-2.453,-0.17,-0.167
1002152,178935,159780,157533,996322,211408,455816,207807,23437,34796,184702,140114,161412,57660,29490,69674,927460,914739,68862,81582,-2.8,-0.383,-0.36
643592,59376,33430,33780,637302,166370,334368,135925,26580,14910,64930,31771,34811,32456,3878,122023,571424,568340,65878,68963,0.31,-0.787,-0.16
982207,150072,204526,94672,1020318,267573,428626,232174,44672,54386,152104,232071,88298,75458,18062,46281,916274,912396,104044,107922,-3.543,0.26,-0.397
1184772,140232,316178,151509,1167140,397429,409753,169880,22168,54110,140021,306744,158197,41170,14859,116501,1077308,1082332,89832,84808,-3.797,-0.057,0.523
976556,126975,25951,85231,981814,263018,457743,122402,52139,102623,126432,23768,83835,14359,12018,186595,899265,918721,82549,63092,-0.903,-0.23,0.547
877415,74268,87465,43592,851850,298180,453955,175922,30035,23822,73216,76834,40720,26195,7425,137027,775082,769818,76768,82031,1.8,-0.193,-0.357
1165724,118666,67181,134715,1164380,346586,677949,169692,41348,48814,158078,39770,142207,63958,14065,149448,1078783,1113601,85597,50779,-1.28,-0.893,0.37
777228,115809,206760,55007,803575,216511,329857,175383,22181,38206,118884,189151,48790,57259,19622,82173,737207,729980,66368,73594,-1.447,0.413,0.117
813510,120897,11134,74587,797861,155393,337905,145689,105181,73781,117813,12081,78040,18641,3766,126178,715534,736931,82328,60930,5.087,0.003,0.087
972778,182854,61027,106159,964089,224071,536961,202190,44137,47619,186999,72561,98592,49356,14084,78282,887110,892235,76980,71854,0.523,0.247,0.117
856178,157385,3444,52894,834192,167226,380448,144234,118512,62240,134344,4214,57143,40465,6646,155677,761328,784879,72863,49313,4.75,1.187,-4.513
1009888,223144,28979,98509,991720,260378,470629,136199,179454,36141,216816,34966,87259,37718,14214,118202,892712,940865,99008,50855,-2.457,-0.173,-0.327
1067069,115541,208235,115836,1057830,343119,442071,181368,27935,53258,114461,214527,113826,43763,9303,114500,964295,975418,93535,82412,0.79,-0.213,0.06
813714,144497,18000,51706,829885,140753,394211,144386,78333,64237,158029,16822,53564,28355,4800,154031,743355,765998,86530,63887,7.19,0.867,2.41
694589,124650,16506,38866,705725,131868,306442,128448,93651,53242,129704,13983,37352,24576,6734,128491,633682,639895,72044,65830,-0.873,-1.293,0.49
1041011,142585,47419,66639,1142849,249638,599840,278963,60517,82751,150045,41425,79387,14396,12282,187611,1042792,1063814,100057,79035,-12.34,-0.12,0.123
844364,146495,4774,56089,847592,135396,389605,141282,87226,70472,144787,3702,54946,34139,4806,166919,747940,777676,99652,69917,3.433,-0.957,-1.16
990825,146702,191180,95417,1050420,318172,455951,180222,39933,45957,139725,186589,122919,36912,11935,114231,958137,977515,92283,72905,0.217,-0.23,0.203
1318432,232854,35671,108279,1302237,400215,691439,167100,190903,67521,243348,36861,105554,53064,8265,151757,1188558,1252300,113679,49937,2.083,0.34,0.327
1074733,175630,190439,156463,1071826,265838,468599,208889,35191,42989,164853,192104,144270,71887,31971,92412,991138,1007535,80689,64291,4.48,0.293,-0.653
1174547,155245,267368,149609,1158347,293427,415059,223829,22699,45642,144894,287150,166962,90153,33903,106636,1071542,1078050,86805,80297,0.84,0.647,0.21
1272515,102336,98746,123397,1316288,450671,709777,191980,72356,47093,176224,108335,146660,55343,8250,163642,1231612,1256113,84676,60176,-7.3,-1.673,0.277
1049261,254887,28192,102909,1101439,319177,560573,129944,178931,42468,252192,26777,107697,37335,13631,121365,1010178,1051443,91261,49996,4.443,0.053,-0.017
908368,71175,98100,46476,877415,307025,455368,177985,31238,24354,74268,87465,43592,25814,7771,139563,792600,789352,84816,88064,1.82,-0.357,0.04
1060192,107478,152228,112288,1073827,341477,456582,186330,45595,47013,105764,176528,129745,43379,17009,127898,981606,1000371,92221,73456,2.273,0.35,-0.183
1148999,277972,10019,88755,1138568,253588,680034,138770,93434,36706,279107,8927,89406,71022,16691,169879,1038478,1095077,100090,43491,3.733,-0.087,0.42
980181,105912,35548,80902,951269,243741,429178,182607,46777,93760,98977,46963,72392,12624,13893,181184,885285,884146,65984,67123,10.153,0.923,-0.76
642302,62335,26504,48290,632610,162574,358413,135609,26997,13434,73393,24329,47730,29050,3879,99291,561081,574073,71530,58538,1.47,-0.86,-1.07
789449,127627,19501,67031,918717,228920,367471,122397,109158,93729,126226,25867,90330,20520,8772,160946,843067,856272,75649,62444,4.843,0.913,-0.03
708389,65062,39642,54641,693224,195367,369762,140865,26355,13635,63038,33269,53793,38242,5159,114727,619668,616701,73557,76524,-1.097,-0.377,0.207
1126297,182744,90434,41856,1083984,283870,620865,265159,44184,29443,153492,96210,41414,40638,21174,155933,969949,1009224,114035,74760,0.323,0.363,0.427
1168954,177948,66258,65758,1296642,335928,705307,304684,55711,94889,169028,67079,82376,27431,25862,195314,1209651,1226539,86991,70103,2.757,1.183,0.397
1101246,261770,15006,85846,1080398,239916,665455,135788,81346,34915,257426,7914,83766,74790,15165,142889,969490,1031450,110908,48948,-3.363,-0.297,1.333
938749,142957,31429,67316,937268,292975,474598,138176,65765,79590,132696,36471,69960,15769,3069,134130,863296,863583,73972,73685,0.503,0.807,-0.213
1156918,158635,227705,136904,1174547,299345,454038,219536,33440,51824,155245,267368,149609,95754,27917,113378,1084693,1097576,89854,76971,-5.577,0.21,-0.383
909911,165890,205555,78040,920619,208671,394292,214892,32874,37937,171554,207734,84154,64486,15935,75431,857125,848356,63494,72263,1.16,-0.36,-0.297
996010,117803,158282,97716,1054695,343130,499528,180172,30533,53580,115967,156494,107311,43174,14862,116784,960119,979091,94577,75604,2.973,0.557,-0.39
1227576,165793,6851,113211,1154043,297430,476669,157122,151748,126780,138274,14287,105810,26426,6830,222659,1074501,1104784,79541,49259,-2.023,1.853,1.403
1078177,282481,41448,97435,1071353,296377,497486,121586,162062,37367,248028,46895,94027,34217,28557,145971,977573,1012365,93780,58989,0.713,0.607,-0.21
805285,141396,25373,69012,804245,171822,454952,186413,72185,46343,149385,19386,65470,32673,9628,76300,728406,744264,75840,59981,5.58,-1.03,-1.04
966314,111687,48190,66872,957222,218592,473124,235052,39911,77642,113657,49515,69299,9585,13581,167096,890922,890169,66299,67053,-10.087,-0.283,-0.4
1001556,97068,232068,89977,977006,314356,370936,156841,27625,59042,92749,210511,85736,71446,14192,127876,908045,895918,68960,81087,0.133,0.32,0.243
814762,91741,98681,36736,805044,250589,436612,193714,48277,15746,90133,83917,34796,25721,4221,112970,723670,736539,81374,68505,5.587,-0.037,-0.317
755125,121143,15196,61895,789449,195790,363986,130442,97119,69195,127627,19501,67031,22781,4186,105264,718129,726282,71319,63167,0.053,-0.03,-0.003
901073,136679,1598,65942,885153,178183,423742,135700,86964,69137,139066,2855,68506,28539,3748,178182,797313,833134,87840,52019,2.987,0.35,2.017
1039651,271108,34881,72705,1098860,282725,543210,139427,195995,47735,266137,28380,73015,36872,17956,137584,983495,1043874,115365,54986,1.873,-0.49,-0.757
1073253,101979,132939,113828,1060192,331047,476760,179221,45945,51937,107478,152228,112288,49890,14876,133324,965185,987357,95007,72835,0.56,-0.183,-0.25
1203234,288357,48345,140882,1065027,312952,477601,104512,170056,40547,227209,55066,124590,33056,19026,128920,971786,1015805,93242,49222,-1.267,1.757,-0.72
682842,117415,19673,35673,694589,130270,298395,127487,87715,53737,124650,16506,38866,24423,8228,126413,625846,629860,68744,64730,4.663,0.49,-1.033
1093942,254469,25722,122629,1045294,264154,515739,140740,171522,52691,229131,28424,112916,49092,9642,110569,959294,1001504,86001,43791,0.237,0.287,-0.693
1134439,135352,297222,133884,1128515,324785,429713,233584,20077,37321,127961,285266,133658,82710,32020,102993,1043012,1041047,85503,87467,1.057,-0.447,0.84
983158,148685,105304,86292,970664,279370,485394,151947,48991,39088,145226,88809,92219,57597,12502,129171,894618,896175,76046,74490,2.627,-1.263,0.423
824704,113222,185395,75192,820409,217965,335050,168510,24558,36140,117347,193007,75584,55251,14808,79399,750198,758547,70210,61862,2.853,-0.057,0.327
999342,177401,77456,116484,981698,226092,512560,197925,40370,51916,169788,105048,112500,55552,8935,79440,893212,910769,88486,70930,-3.083,0.283,-0.767
1098860,266137,28380,73015,1016384,273848,481398,139717,180228,47707,215155,32675,80336,34011,19369,118474,909247,960187,107137,56197,-0.68,0.66,-0.49
946775,126278,232980,96305,962637,245365,353001,227046,17027,34535,126845,263100,100688,64576,29217,84899,883954,882465,78683,80172,-0.443,0.727,-0.77
971300,114702,228136,90821,960961,317931,398435,152257,32928,40048,118571,209123,91832,70450,11315,97802,888891,881484,72070,79477,0.983,-0.897,1.327
878285,131167,71830,96532,844913,208365,417835,194662,55940,50400,119051,64118,87054,29821,11309,76235,765589,762891,79324,82023,-0.257,0.26,-0.653
950044,129861,82998,41594,882113,229897,501719,229182,42097,22734,124127,85651,39078,31377,16928,111712,788107,819919,94007,62194,-2.123,0.037,-0.06
968907,190686,54141,101282,991183,191762,599862,231515,48601,47114,213595,46946,103069,47233,15844,70112,904400,931548,86784,59635,0.347,-0.147,-0.233
1107831,257085,65053,146874,1128553,270550,483447,117020,167869,42532,269542,68638,144966,39222,24039,143187,1027019,1074677,101534,53876,-1.873,0.107,0.523
963503,131183,230622,88427,963188,265172,456369,200829,38310,37035,149918,187013,83100,83480,22656,62875,882409,887357,80779,75831,1.547,-0.407,-0.5
822825,136697,9988,53572,856178,159297,393448,144137,126695,59365,157385,3444,52894,41986,8045,158996,774060,802886,82119,53292,-7.903,-4.513,1.593
1270677,179091,3857,120800,1227576,296249,515013,155126,159485,130495,165793,6851,113211,24750,7340,240911,1126535,1173306,101041,54270,2.63,1.403,0.03
909961,136453,125441,96664,910872,219552,372299,204506,35110,35813,133845,180058,93728,42294,21817,108624,838362,847450,72510,63422,-3.013,0.247,0.547
851850,73216,76834,40720,830722,285985,436864,173043,32340,21866,68632,73769,37399,25616,7450,139404,751945,749093,78777,81629,3.907,-0.1,-0.193
972001,150164,215411,98881,915965,208582,391302,241239,43216,44711,149765,189462,91491,61750,19600,41449,838986,821232,76979,94734,-1.357,-0.58,-0.18
936600,130498,96209,88357,968739,265952,416361,170544,64394,63310,133660,103219,102006,48912,9962,113025,897409,872278,71329,96461,-0.953,0.79,0.847
1038618,164919,18210,114226,1077339,290540,577344,139165,63954,63439,174150,14330,112503,49850,16454,173104,1002751,1021129,74588,56211,-0.67,-0.24,0.24
677465,103033,35008,39357,682842,134886,289671,128432,91841,50932,117415,19673,35673,23729,7155,115320,606388,610265,76453,72577,2.67,-1.033,-1.19
979920,170038,222829,82178,966354,242337,427005,227665,28170,34939,161047,221660,83459,78753,21134,70391,898592,886758,67761,79596,0.69,0.433,-0.433
1291206,233289,52651,70556,1492736,345554,838172,312167,66484,64622,211840,56602,112260,39428,26073,236831,1322703,1401045,170033,91691,4.387,0.507,1.263
938038,108053,28784,64104,933085,216996,443138,195065,45574,88773,106935,33190,63694,10397,13022,178925,860786,866316,72299,66769,-3.587,0.113,-0.443
1017632,128695,1349,72904,1022317,222056,402028,123581,128882,101162,127950,2342,70724,32380,3430,259060,936914,967628,85403,54689,-4.507,0.217,1.847
1234601,274242,28554,81774,1212101,324418,672720,176332,170685,58842,272454,25898,73073,54775,12667,151229,1111123,1165114,100978,46987,3.65,0.243,0.403
928763,111734,133962,88417,886650,296084,310705,129787,145673,32164,116186,102082,83337,30589,16629,129534,817681,820124,68969,66526,0.25,0.183,0.247
1134700,124032,288233,119717,1113805,321567,399395,220291,21441,60868,125676,284024,116693,68684,25687,116812,1030591,1024920,83213,88885,1.98,-0.413,-0.417
1032516,177470,7408,87484,1026949,220333,456175,142966,124874,101242,171595,6545,94273,21780,4293,179804,931993,967206,94956,59743,5.297,0.083,0.573
703033,96248,47001,44160,677465,148334,270473,127560,87979,50283,103033,35008,39357,23337,6907,121506,613410,611513,64055,65952,-1.197,-1.19,0.033
917924,132544,4879,85291,877084,182868,389535,147283,106983,79736,123906,8091,83946,25398,7955,143852,786989,820097,90095,56987,2.283,1.643,2.37
1069152,138199,527,77125,1017632,224138,403563,123462,130667,97603,128695,1349,72904,33169,3683,253748,933719,963517,83914,54115,5.397,1.847,-2.013
903525,134471,128415,71040,891232,271940,447372,196443,53290,44821,132055,113321,68382,31483,12057,67994,813117,807237,78115,83995,-2.75,-0.403,0.507
924583,98467,198187,76806,921357,285376,353343,157759,25791,45758,97866,209916,73322,70645,16488,121503,852228,846120,69129,75236,1.45,-0.12,0.873
886607,161775,31108,78583,844244,188187,437787,175482,69988,61938,136850,32542,79621,27560,8713,87899,757538,778488,86707,65757,-1.153,1.31,-1.073
671225,61497,29970,52684,664127,188488,364535,137906,25209,14951,64477,30009,50387,33483,6114,105128,594820,596333,69307,67794,-0.933,-0.697,-0.107
1029086,149739,18931,71426,994986,293167,392796,130360,187137,110821,139635,19263,59730,22804,3286,170390,926907,943423,68079,51563,0.11,-1.677,-1.277
661406,63360,35760,34518,643592,177115,341876,136560,27528,15723,59376,33430,33780,35876,4527,120206,578635,577069,64957,66523,-0.47,-0.16,0.053
686189,60552,33306,32102,677284,198054,366331,136886,28966,16497,63193,37474,31889,32611,5301,125203,604333,611661,72951,65623,-0.437,0.04,-0.177
995968,169184,87536,104065,967272,221460,457676,203253,56700,34310,158782,95267,95923,38774,34389,131072,883575,905337,83696,61935,-0.3,-0.487,-0.347
1124471,245053,32860,89471,1095900,230853,679295,160579,51065,42473,248819,32865,82090,78363,10052,149465,992643,1047304,103257,48596,0.123,-0.137,0.687
1265996,195574,43513,70504,1332630,302453,768930,321097,68052,81826,181824,35118,89979,31519,20135,220847,1229544,1284887,103086,47743,5.33,0.89,-0.397
1309303,160875,3499,101417,1358236,386212,504695,124471,237994,144280,194948,3070,102680,24345,21519,286221,1263156,1300459,95080,57777,-3.543,-1.767,0.467
1001126,179227,8449,82910,1038949,245059,501914,146286,118914,97970,185664,8674,87216,20045,3697,164948,947187,983331,91762,55617,-6.907,-0.197,0.777
1038949,185664,8674,87216,1018956,261031,506909,156104,117254,95213,170974,14779,85011,19294,2788,141293,928921,963247,90035,55708,0.783,0.9,-0.197
913596,133689,83959,43374,914225,258469,504337,191631,53034,36121,135765,85730,40243,36878,20164,115118,814225,854747,99999,59477,4.143,-0.03,-0.347
1056898,142365,203307,115665,1007411,249092,415028,209087,39077,43993,140748,200190,102635,89201,31622,95233,929988,927777,77422,79633,-2.27,-0.37,0.093
1015284,137761,1487,73537,1035783,214093,391828,110711,135444,100697,143620,2086,75075,28324,3894,267377,939896,976400,95887,59383,-1.81,-2.387,1.967
818229,135002,36125,72683,876017,228817,399225,155534,81431,76255,121086,36292,74122,24006,7986,119874,799696,795185,76321,80831,5.14,1.023,0.807
1088715,166057,2869,72598,1309303,401806,464929,121441,240875,143489,160875,3499,101417,20438,21179,275573,1225039,1250961,84264,58342,3.23,0.467,-2.85
645026,67291,37361,40670,643641,186465,357064,144741,24419,15220,65717,44078,36091,35914,5261,85936,570083,568069,73558,75572,-2.487,0.57,-2.03
881069,139442,185828,87543,880224,189677,375111,244880,48690,38130,136904,185530,80743,56169,13069,50853,797356,792127,82868,88098,-1.773,0.337,0.5
1272170,87127,101609,97036,1255442,499873,669843,176986,64104,64928,88353,96325,97072,63779,6448,190274,1181266,1188995,74177,66448,-1.86,-0.647,-0.117
1266634,259725,47856,144311,1226026,332215,494786,100423,216972,69697,260090,52290,135218,38942,21439,189822,1126406,1180224,99620,45802,2.08,1.02,-0.13
1080398,257426,7914,83766,1079425,252400,676649,136877,82135,34377,251890,10016,84999,79266,9221,141937,981746,1039334,97679,40091,-1.74,0.103,-0.297
1071826,164853,192104,144270,1143989,290243,491537,206001,44063,59484,160662,191179,151680,76225,27078,112259,1056553,1077280,87436,66710,-1.363,-0.52,0.293
973420,122473,81455,95910,1006310,328838,541059,158866,25260,33376,128679,111593,93318,66192,16602,121504,930773,942712,75537,63598,2.507,0.447,0.523
824027,117639,91237,39628,789201,234415,397939,208204,41871,23349,102635,123544,32200,26239,15210,78107,705150,712220,84051,76981,-1.51,0.483,-0.013
1076778,124953,66604,76563,1114976,443525,638948,174996,102799,39704,131674,78553,73189,56807,4893,116547,1036441,1054632,78535,60344,-1.14,0.027,0.38
813737,128820,9368,49577,810211,172902,359049,142493,121095,61081,123256,8815,51901,38469,7055,147917,738020,756914,72191,53297,0.47,-0.223,0.77
881918,115501,88201,45718,913596,272174,513283,187247,51973,37130,133689,83959,43374,36314,20696,119761,829689,870176,83907,43420,-5.22,-0.347,-0.36
856140,150027,65030,62152,846976,243075,384422,119644,133952,31336,160923,53855,59349,34064,23088,112024,760415,798024,86561,48952,2.2,-0.59,0.22
805266,66592,68694,40533,786586,270217,434131,145925,29985,19353,69031,55569,34703,28660,4845,142013,709902,720599,76684,65987,-5.507,-0.503,-0.167
990092,168393,51303,91043,974754,233873,558788,204105,46149,32816,153997,65988,95544,73455,10697,110219,904011,920200,70743,54554,-1.85,0.197,0.223
1305774,241842,46715,157205,1261387,347538,490829,101244,212183,79331,253909,49237,140939,38319,30894,207269,1168549,1210682,92838,50705,2.227,-0.683,0.52
865776,116039,34388,75640,844819,212376,373615,150138,80373,72750,124635,33414,73334,19782,9219,118855,771870,761560,72949,83259,0.003,0.547,-0.183
990462,158972,14698,96813,1089185,269909,531214,142629,104596,101237,182488,13443,102401,23246,10660,175143,997053,1038694,92133,50491,0.397,-0.763,1.113
1199980,140787,6423,112443,1165972,295909,490449,154732,151349,124383,142593,7798,102985,33116,4278,234154,1087872,1115396,78100,50575,0.11,1.117,-1.993
823882,81208,77600,35434,824186,309487,449772,183763,38735,13986,75818,90525,39418,20708,13982,99097,742278,745515,81908,78670,-0.987,0.25,0.37
839099,123793,90812,77211,819237,224399,433506,196040,50111,36660,124076,78110,70907,33949,9417,62734,748765,741445,70472,77792,-1.023,-0.09,0.177
963895,147375,153268,80241,963398,265575,430486,223669,52991,55981,144638,162940,71374,41942,12307,74252,877430,860331,85968,103067,1.307,0.227,0.18
795152,109953,212625,64780,795890,200554,295305,170240,19100,37920,114175,205173,62831,58125,19749,87312,731158,727389,64733,68501,0.897,-0.103,0.2
968739,133660,103219,102006,934883,252439,403895,174601,65552,58304,133860,103372,85390,49178,11274,108436,862209,836223,72674,98660,-6.527,-0.507,0.79
1024918,224177,46245,106599,1064647,270299,520265,130720,172554,38981,249670,28383,108739,36500,15751,130471,965380,1015145,99267,49503,2.383,-0.91,0.58
1134277,198010,34739,113090,1116369,275628,659200,165741,45651,50863,177729,31066,112162,74846,6065,155084,1012053,1060091,104316,56278,-2.967,-0.527,-1.16
876059,139450,126779,67360,903525,271578,428803,205520,52882,47785,134471,128415,71040,31525,11542,72555,834475,813023,69050,90502,2.067,0.507,-0.337
1024234,129668,98803,34132,1026771,298349,622693,258493,40089,23599,129917,81939,38007,36908,15281,138730,924003,960338,102768,66433,-5.527,-0.063,-0.093
876017,121086,36292,74122,865776,229903,390895,151419,79871,77950,116039,34388,75640,22642,9368,116433,790027,784546,75749,81231,2.27,-0.183,1.023
1179749,160680,7195,96852,1190475,338036,502645,138713,167110,124161,154699,8962,100389,27144,14335,220253,1103394,1137855,87081,52620,0.537,0.32,1.26
1276041,171156,68484,80883,1266144,289562,700120,323892,55735,88455,176536,57461,75761,26902,20703,181178,1162287,1179413,103858,86731,-4.27,-0.23,0.007
1157622,133705,10584,105699,1151256,297022,467684,155840,148440,126632,129722,16537,106019,23766,6147,232587,1071589,1104047,79667,47209,2.563,0.657,-0.277
626144,79922,18369,41790,638156,154887,386684,131894,28159,10987,83078,17358,38523,26152,1253,109543,555064,592507,83092,45649,-0.117,-0.87,-0.377
1267868,278819,30762,87338,1262183,336075,686561,173029,184988,63443,280784,27862,88139,65175,10967,151136,1157781,1213096,104402,49087,3.43,-0.223,-0.233
